id,name,Promote/Demote,collection_tier,display_order,alternate_names,family,species,material_type,primary_chakra,chakras,card_properties,card_best_for,card_use_when,energetic_role_1,energetic_role_2,energetic_role_3,image_url
C-0020,Malachite,,1,20,null,Copper Minerals,Malachite,Mineral,Heart,"[""Heart"",""Solar Plexus""]","[""Transformation"",""Courage"",""Protection""]",Courageous change,Use when you know something needs to change but keep circling the same familiar pattern.,Transformation,Protection,null,null
C-0025,Amazonite,,1,25,null,Feldspar,Microcline,Mineral,Throat,"[""Heart"",""Throat""]","[""Communication"",""Truth"",""Calm""]",Calm expression,"Use when you need to say what is true without becoming overwhelmed, defensive, or overly forceful.",Communication,Protection,null,null
C-0028,Labradorite,,1,28,null,Feldspar,Plagioclase,Mineral,Third Eye,"[""All""]","[""Intuition"",""Protection"",""Transformation""]",Intuitive protection,Use when you need to trust your intuition while staying protected and centered.,Protection,Intuition,null,null
C-0030,Rainbow Moonstone,,1,30,White Labradorite,Feldspar,Plagioclase,Mineral,Crown,"[""All""]","[""Intuition"",""Protection"",""Balance""]",Luminous protection,Use when you want to remain open and intuitive without absorbing everything around you.,Intuition,Emotional Balance,null,null
C-0035,Rainbow Fluorite,,1,35,null,Fluorite,Fluorite,Mineral,Third Eye,"[""All""]","[""Clarity"",""Focus"",""Balance""]",Mental organization,"Use when you have too many thoughts, options, or inputs competing for your attention.",Clarity & Focus,Transformation,null,null
C-0041,Hematite,,1,41,Specular Hematite,Iron Minerals,Hematite,Mineral,Root,"[""Root""]","[""Grounding"",""Embodiment"",""Stability""]",Practical steadiness,"Use when you feel scattered, unsteady, or disconnected from the task directly in front of you.",Grounding,Confidence,null,null
C-0077,Moss Agate,,1,77,null,Quartz,Quartz,Mineral,Heart,"[""Heart"",""Root""]","[""Growth"",""Grounding"",""Stability""]",Steady renewal,Use when you need encouragement to grow slowly without mistaking gradual progress for failure.,Grounding,Manifestation,null,null
C-0099,Red Jasper,,1,99,null,Quartz,Quartz,Mineral,Root,"[""Root""]","[""Grounding"",""Endurance"",""Vitality""]",Sustained effort,Use when you need steady endurance more than a sudden burst of motivation.,Vitality,Grounding,null,null
C-0103,Smoky Quartz,,1,103,null,Quartz,Quartz,Mineral,Root,"[""Root""]","[""Grounding"",""Protection"",""Calm""]",Letting go,Use when you need to let go of heaviness and come back into your body.,Grounding,Protection,null,null
C-0105,Clear Quartz,,1,105,null,Quartz,Quartz,Mineral,Crown,"[""All""]","[""Amplification"",""Clarity"",""Focus""]",Clear intention,Use when you need to clarify your intention and bring scattered energy into alignment.,Amplification,Clarity & Focus,null,null
C-0108,Rose Quartz,,1,108,null,Quartz,Quartz,Mineral,Heart,"[""Heart""]","[""Love"",""Compassion"",""Healing""]",Self-compassion,Use when you need to soften self-criticism and return to a more compassionate center.,Self-Love,Heart Healing,null,null
C-0119,Amethyst,,1,119,null,Quartz,Quartz,Mineral,Third Eye,"[""Third Eye"",""Crown"",""Etheric""]","[""Calm"",""Intuition"",""Protection""]",Quiet intuition,Use when you need to settle your mind and listen beneath the noise.,Calm & Peace,Protection,Spiritual Connection,null
C-0121,Citrine,,1,121,null,Quartz,Quartz,Mineral,Solar Plexus,"[""Root"",""Solar Plexus"",""Sacral""]","[""Abundance"",""Confidence"",""Motivation""]",Empowered momentum,"Use when you need to trust your ability to create, decide, and move forward with confidence.",Confidence,Manifestation,null,null
C-0129,Black Tourmaline,,1,129,Schorl,Tourmaline,Schorl,Mineral,Earth Star,"[""Root"",""Earth Star""]","[""Protection"",""Grounding"",""Boundaries""]",Energetic boundaries,"Use when you need to feel anchored, protected, and less affected by the energy around you.",Protection,Grounding,null,null
C-0137,Pyrite,,1,137,Fool's Gold,Sulfides,Pyrite,Mineral,Solar Plexus,"[""Solar Plexus"",""Root""]","[""Confidence"",""Abundance"",""Protection""]",Decisive action,Use when you need to stop circling an opportunity and begin acting with greater confidence and structure.,Confidence,Protection,Manifestation,null
C-0139,Black Obsidian,,1,139,Obsidian,Obsidian,Obsidian,Mineraloid,Root,"[""Root""]","[""Protection"",""Grounding"",""Truth""]",Honest release,Use when you are ready to face an uncomfortable truth instead of continuing to avoid it.,Protection,Clarity & Focus,null,null
C-0151,Bloodstone,,1,151,null,Aggregate,Chalcedony,Aggregate,Root,"[""Root""]","[""Courage"",""Endurance"",""Vitality""]",Steady courage,"Use when a demanding situation requires persistence, composure, and the willingness to keep showing up.",Grounding,Confidence,null,null
C-0153,Carnelian,,1,153,null,Aggregate,Chalcedony,Aggregate,Sacral,"[""Root"",""Sacral"",""Solar Plexus""]","[""Creativity"",""Confidence"",""Vitality""]",Creative action,"Use when you feel hesitant, uninspired, or stuck at the edge of beginning.",Vitality,Confidence,null,null
C-0162,Moonstone,,1,162,null,Feldspar,Orthoclase,Mineral,Crown,"[""Third Eye"",""Heart"",""Crown""]","[""Intuition"",""Balance"",""Dreams""]",Emotional transitions,Use when you are moving through a transition and need permission to respond rather than force.,Intuition,null,null,null
C-0168,Gold Tiger's Eye,,1,168,null,Tiger's Eye,Tiger's Eye,Aggregate,Solar Plexus,"[""Root"",""Solar Plexus""]","[""Grounding"",""Confidence"",""Discernment""]",Grounded confidence,Use when you need to make a confident decision without becoming reckless or second-guessing yourself.,Grounding,Confidence,null,null
C-0175,Selenite,,1,175,Satin Spar Gypsum,Gypsum,Gypsum,Mineral,Crown,"[""Third Eye"",""Crown""]","[""Purification"",""Clarity"",""Peace""]",Energetic clearing,Use when you need to clear stagnant energy and bring a room or ritual back to stillness.,Clarity & Focus,Spiritual Connection,null,null
C-0178,Green Aventurine,,1,178,null,Aventurine,Aventurine,Aggregate,Heart,"[""Heart""]","[""Luck"",""Abundance"",""Growth""]",Fresh starts,"Use when you need encouragement to begin again with a lighter, more hopeful heart.",Grounding,Joy,null,null
C-0188,Lapis Lazuli,,1,188,null,Aggregate,Lazurite; Calcite; Pyrite,Composite,Third Eye,"[""Third Eye"",""Throat""]","[""Wisdom"",""Truth"",""Communication""]",Authentic expression,Use when you need to understand what you truly think before explaining it to someone else.,Clarity & Focus,Communication,Intuition,null
C-0218,Sodalite,,1,218,null,Silicates,Sodalite,Mineral,Throat,"[""Third Eye"",""Throat""]","[""Clarity"",""Communication"",""Truth""]",Clear thinking,"Use when you need to organize your thoughts and speak from a calm, truthful place.",Clarity & Focus,Communication,Calm & Peace,null
C-0241,Howlite,,1,241,null,Other Mineral,Howlite,Mineral,Crown,"[""Crown""]","[""Calm"",""Peace"",""Rest""]",Mental stillness,Use when you need to soften mental noise and return to steadiness before reacting.,Calm & Peace,null,null,null
C-0254,Lepidolite,,1,254,null,Silicates,Lepidolite,Mineral,Third Eye,"[""Third Eye"",""Heart"",""Crown""]","[""Calm"",""Balance"",""Acceptance""]",Gentle transition,Use when change is happening faster than your emotions can comfortably process it.,Calm & Peace,Emotional Balance,null,null
C-0029,Sunstone,,1,29,null,Feldspar,Plagioclase,Mineral,Sacral,"[""Sacral"",""Solar Plexus""]","[""Confidence"",""Joy"",""Independence""]",Visible confidence,Use when you are ready to be more visible but fear of judgment is making you dim your natural enthusiasm.,Confidence,Vitality,null,null
C-0060,Unakite,,1,60,null,Aggregate,Unakite,Aggregate,Heart,"[""Heart""]","[""Healing"",""Integration"",""Grounding""]",Emotional integration,Use when an old experience is still shaping your reactions and you want to respond from the present instead.,Emotional Balance,Heart Healing,Grounding,null
C-0063,Black Kyanite,,1,63,null,Kyanite,Kyanite,Mineral,Root,"[""All""]","[""Protection"",""Purification"",""Boundaries""]",Boundary clearing,Use when you need to make a clean energetic or emotional separation without continuing to revisit the same decision.,Protection,Transformation,null,null
C-0095,Ocean Jasper,,1,95,null,Quartz,Quartz,Mineral,Heart,"[""Throat"",""Heart"",""Solar Plexus""]","[""Joy"",""Balance"",""Renewal""]",Emotional rhythm,"Use when you are judging yourself for not feeling, healing, or progressing at the same pace every day.",Joy,Emotional Balance,null,null
C-0145,Amber,,2,145,null,Organic Material,Amber,Organic,Solar Plexus,"[""Solar Plexus"",""Sacral""]","[""Protection"",""Vitality"",""Healing""]",Protective warmth,"Use when you need comfort, steadiness, and a reminder that something meaningful can endure transformation.",Calm & Peace,null,null,null
C-0147,Ammonite,,2,147,null,Fossil Material,Ammonite,Fossil,Root,"[""Root"",""Third Eye""]","[""Transformation"",""Growth"",""Grounding""]",Evolutionary perspective,Use when you are revisiting familiar territory and need to recognize how much you have changed since the last time.,Spiritual Connection,Transformation,null,null
C-0276,Angel Aura Quartz,,2,276,Opal Aura Quartz,Quartz,Quartz,Mineral,Crown,"[""Crown"",""Third Eye""]","[""Uplift"",""Spirit"",""Peace""]",Emotional uplift,Use when you need to lift your perspective without ignoring what you are genuinely feeling.,Spiritual Connection,Calm & Peace,null,null
C-0171,Angelite,,2,171,Blue Anhydrite,Other Mineral,Anhydrite,Mineral,Throat,"[""Third Eye"",""Throat"",""Crown""]","[""Peace"",""Communication"",""Compassion""]",Peaceful communication,Use when you need to express something tender without shutting down or becoming emotionally flooded.,Calm & Peace,Communication,null,null
C-0138,Apache Tears,,2,138,Obsidian,Obsidian,Obsidian,Mineraloid,Root,"[""Root"",""Heart""]","[""Grounding"",""Healing"",""Protection""]",Gentle release,Use when you need to release pain gradually without forcing yourself into a deeper process than you can manage.,Grounding,Heart Healing,null,null
C-0246,Apophyllite,,2,246,null,Silicates,Apophyllite,Mineral,Crown,"[""Crown"",""Third Eye""]","[""Clarity"",""Spirit"",""Meditation""]",Reflective clarity,Use when you want to open your awareness without losing sight of what feels true and grounded.,Calm & Peace,Clarity & Focus,null,null
C-0277,Aqua Aura Quartz,,2,277,null,Quartz,Quartz,Mineral,Throat,"[""Throat"",""Third Eye""]","[""Communication"",""Clarity"",""Confidence""]",Clear expression,Use when you know what you mean but are struggling to express it with confidence and precision.,Communication,Spiritual Connection,null,null
C-0021,Aquamarine,,2,21,null,Beryl,Beryl,Mineral,Throat,"[""Throat"",""Heart""]","[""Calm"",""Communication"",""Courage""]",Calm courage,Use when you need to say something important without letting fear or emotion take control of the conversation.,Calm & Peace,Communication,null,null
C-0001,Aragonite,,2,1,null,Aragonite,Aragonite,Mineral,Root,"[""All""]","[""Grounding"",""Stability"",""Calm""]",Centered stability,"Use when you feel overstimulated, hurried, or unable to settle into one place long enough to regroup.",Grounding,null,null,null
C-0106,Arkansas Quartz,,2,106,null,Quartz,Quartz,Mineral,Crown,"[""All""]","[""Amplification"",""Clarity"",""Focus""]",Focused intention,Use when you want the versatility of clear quartz with a sharper sense of focus and direction.,Amplification,Clarity & Focus,Spiritual Connection,null
C-0149,Banded Carnelian,,2,149,null,Aggregate,Chalcedony,Aggregate,Sacral,"[""Root"",""Sacral"",""Solar Plexus""]","[""Motivation"",""Confidence"",""Endurance""]",Sustained motivation,Use when you have begun something important but need help maintaining your energy and commitment.,Confidence,Vitality,null,null
C-0208,Bismuth,,2,208,null,Other Mineral,Bismuth,Mineral,Crown,"[""Root"",""Crown""]","[""Transformation"",""Growth"",""Balance""]",Transformative rebuilding,Use when plans have changed suddenly and you need to build a new structure from unfamiliar pieces.,Transformation,Clarity & Focus,null,null
C-0159,Black Moonstone,,2,159,null,Feldspar,Labradorite,Mineral,Root,"[""Crown"",""Third Eye""]","[""Intuition"",""Grounding"",""Protection""]",Protected receptivity,Use when you want to remain emotionally open while protecting yourself from becoming overwhelmed by change.,Grounding,Calm & Peace,null,null
C-0044,Blue Apatite,,2,44,null,Apatite,Apatite,Mineral,Third Eye,"[""Third Eye"",""Throat""]","[""Motivation"",""Clarity"",""Creativity""]",Inspired direction,Use when you have ideas and enthusiasm but cannot decide where to direct your energy first.,Clarity & Focus,Vitality,null,null
C-0177,Blue Aventurine,,2,177,null,Aventurine,Aventurine,Aggregate,Third Eye,"[""Throat"",""Third Eye""]","[""Focus"",""Discernment"",""Calm""]",Focused discipline,Use when distraction or avoidance is keeping you from following through on a decision you have already made.,Grounding,Clarity & Focus,null,null
C-0007,Blue Calcite,,2,7,null,Calcite,Calcite,Mineral,Throat,"[""Throat"",""Third Eye""]","[""Calm"",""Communication"",""Peace""]",Gentle expression,Use when you need to communicate calmly but your emotions feel too loud or tangled.,Calm & Peace,Communication,null,null
C-0082,Blue Chalcedony,,2,82,null,Quartz,Quartz,Mineral,Throat,"[""Throat"",""Third Eye""]","[""Communication"",""Calm"",""Compassion""]",Calm communication,Use when you need to speak clearly but want the conversation to remain gentle and emotionally manageable.,Communication,Calm & Peace,null,null
C-0031,Blue Fluorite,,2,31,null,Fluorite,Fluorite,Mineral,Throat,"[""Throat"",""Third Eye""]","[""Clarity"",""Communication"",""Focus""]",Organized expression,Use when your thoughts make sense internally but become tangled when you try to explain them.,Clarity & Focus,Calm & Peace,Communication,null
C-0064,Blue Kyanite,,2,64,null,Kyanite,Kyanite,Mineral,Throat,"[""Third Eye"",""Throat""]","[""Communication"",""Truth"",""Clarity""]",Aligned communication,"Use when you need your words, intentions, and actions to tell the same honest story.",Clarity & Focus,Communication,null,null
C-0069,Blue Lace Agate,,2,69,null,Quartz,Quartz,Mineral,Throat,"[""Throat""]","[""Calm"",""Communication"",""Peace""]",Reassuring expression,"Use when you are afraid your voice will shake, disappear, or become sharper than you intend.",Calm & Peace,Communication,null,null
C-0167,Blue Tiger's Eye,,2,167,Hawk's Eye,Tiger's Eye,Tiger's Eye,Aggregate,Third Eye,"[""Throat"",""Third Eye""]","[""Clarity"",""Protection"",""Discernment""]",Calm strategy,"Use when you need to watch, assess, and understand before revealing your position or making a move.",Protection,Calm & Peace,null,null
C-0331,Bornite,,2,331,Peacock Ore,Sulfides,Bornite,Mineral,Solar Plexus,"[""Solar Plexus"",""Crown"",""All""]","[""Joy"",""Creativity"",""Uplift""]",Creative confidence,"Use when you need permission to be expressive, unconventional, or visibly enthusiastic.",Joy,Manifestation,null,null
C-0070,Botswana Agate,,2,70,null,Quartz,Quartz,Mineral,Root,"[""Crown"",""Third Eye""]","[""Balance"",""Calm"",""Grounding""]",Steady perspective,Use when a situation contains several truths and you need enough calm to hold them without rushing toward a simple answer.,Emotional Balance,Calm & Peace,Grounding,null
C-0087,Brecciated Jasper,,2,87,null,Quartz,Quartz,Mineral,Root,"[""Root"",""Solar Plexus""]","[""Resilience"",""Grounding"",""Recovery""]",Resilient recovery,Use when you are putting yourself back together after a difficult experience and need to trust the repair process.,Vitality,Grounding,Clarity & Focus,null
C-0248,Bronzite,,2,248,null,Silicates,Enstatite,Mineral,Root,"[""Root"",""Solar Plexus""]","[""Grounding"",""Protection"",""Confidence""]",Firm resolve,"Use when you know your decision is sound but feel pressured to explain, soften, or abandon it.",Grounding,Protection,Confidence,null
C-0009,Caribbean Calcite,,2,9,null,Calcite,Calcite,Mineral,Third Eye,"[""Throat"",""Third Eye""]","[""Calm"",""Intuition"",""Rest""]",Restful reflection,Use when you need to step out of problem-solving mode and let your thoughts become quieter and more spacious.,Emotional Balance,Calm & Peace,null,null
C-0221,Celestite,,2,221,Celestine,Other Mineral,Celestite,Mineral,Crown,"[""Throat"",""Third Eye"",""Crown""]","[""Peace"",""Spirit"",""Meditation""]",Quiet trust,Use when you cannot control the outcome and need to meet uncertainty with greater calm and openness.,Calm & Peace,Spiritual Connection,null,null
C-0292,Chalcopyrite,,2,292,null,Sulfides,Chalcopyrite,Mineral,Solar Plexus,"[""Solar Plexus"",""Crown""]","[""Abundance"",""Confidence"",""Uplift""]",Opportunity awareness,Use when discouragement is making you overlook an option that deserves a closer look.,Confidence,Manifestation,null,null
C-0154,Chevron Amethyst,,2,154,null,Quartz,Quartz,Mineral,Third Eye,"[""Third Eye"",""Crown"",""Etheric""]","[""Clarity"",""Intuition"",""Focus""]",Pattern clarity,Use when the same thought keeps returning and you need to understand the pattern beneath it.,Grounding,Clarity & Focus,null,null
C-9002,Chocolate Calcite,3,2,0,null,Calcite,Calcite,Mineral,Root,"[""Root""]","[""Grounding"",""Stability"",""Vitality""]",Grounded comfort,"Use when stress has pulled you away from your body and you need something steady, familiar, and uncomplicated.",Grounding,Vitality,Confidence,null
C-0052,Chrysocolla,,2,52,null,Copper Minerals,Chrysocolla,Mineral,Throat,"[""Throat"",""Heart"",""Root""]","[""Communication"",""Compassion"",""Truth""]",Compassionate truth,Use when silence no longer feels healthy but you want honesty to create understanding rather than further harm.,Communication,Calm & Peace,null,null
C-0155,Chrysoprase,,2,155,null,Aggregate,Chalcedony,Aggregate,Heart,"[""Heart""]","[""Renewal"",""Hope"",""Worth""]",Renewed hope,Use when disappointment has made you question your worth or your willingness to begin again.,Joy,Heart Healing,null,null
C-0295,Clear Fluorite,3,2,0,null,Fluorite,Fluorite,Mineral,Crown,"[""Crown"",""Third Eye""]","[""Clarity"",""Focus"",""Purification""]",Mental simplicity,Use when too much information has made a decision feel more complicated than it needs to be.,Clarity & Focus,Protection,null,null
C-0124,Crackle Quartz,3,2,124,Ice Quartz,Quartz,Quartz,Mineral,Crown,"[""All""]","[""Transformation"",""Energy"",""Uplift""]",Pattern release,Use when you feel ready to interrupt an old pattern and create space for a different response.,Joy,null,null,null
C-0071,Crazy Lace Agate,,2,71,null,Quartz,Quartz,Mineral,Solar Plexus,"[""Third Eye"",""Crown""]","[""Joy"",""Resilience"",""Playfulness""]",Resilient optimism,Use when life feels overly serious and you need permission to recover some lightness without denying the difficulty.,Joy,null,null,null
C-0088,Dalmatian Jasper,,2,88,null,Quartz,Quartz,Mineral,Root,"[""Sacral"",""Solar Plexus"",""Root""]","[""Joy"",""Grounding"",""Playfulness""]",Grounded playfulness,"Use when responsibility has crowded out curiosity, humor, or the freedom to enjoy the moment.",Joy,null,null,null
C-0072,Dendritic Agate,,2,72,null,Quartz,Quartz,Mineral,Root,"[""Root"",""Earth Star""]","[""Growth"",""Patience"",""Grounding""]",Patient growth,Use when progress feels slow and you need to remember that important growth is often quiet before it becomes visible.,Grounding,Transformation,null,null
C-0172,Desert Rose,,2,172,null,Aggregate,Gypsum; Sand,Composite,Crown,"[""All""]","[""Clarity"",""Grounding"",""Resilience""]",Grounded clarity,"Use when circumstances feel dry, difficult, or unwelcoming and you need to remember that growth can still take form.",Clarity & Focus,Calm & Peace,null,null
C-0237,Dolomite,,2,237,null,Carbonates,Dolomite,Mineral,Heart,"[""Root"",""Heart""]","[""Calm"",""Acceptance"",""Patience""]",Receiving support,Use when you are carrying more than necessary because accepting help feels uncomfortable or undeserved.,Calm & Peace,Grounding,null,null
C-0089,Dragon's Blood Jasper,,2,89,null,Quartz,Quartz,Mineral,Heart,"[""Heart""]","[""Courage"",""Strength"",""Growth""]",Renewed strength,Use when you need to recover your strength without closing yourself off emotionally.,Confidence,Vitality,Transformation,null
C-0073,Druzy Agate,3,2,73,null,Quartz,Quartz,Mineral,Crown,"[""All""]","[""Amplification"",""Joy"",""Clarity""]",Renewed possibility,"Use when your attention has narrowed around problems and you need help noticing what is still open, beautiful, or unfinished.",Amplification,Clarity & Focus,null,null
C-0054,Dumortierite,,2,54,null,Silicates,Dumortierite,Mineral,Third Eye,"[""Third Eye""]","[""Discipline"",""Focus"",""Patience""]",Patient mastery,Use when learning feels slow and you are tempted to confuse difficulty with inability.,Clarity & Focus,Calm & Peace,null,null
C-0238,Epidote,,2,238,null,Silicates,Epidote,Mineral,Heart,"[""All""]","[""Growth"",""Transformation"",""Insight""]",Honest growth,"Use when you want growth but keep avoiding the habit, belief, or responsibility that the next stage requires.",Transformation,null,null,null
C-0075,Flower Agate,,2,75,null,Quartz,Quartz,Mineral,Heart,"[""Heart"",""Root""]","[""Growth"",""Transformation"",""Confidence""]",Emerging potential,Use when you are becoming someone new but feel impatient because the change is not yet fully visible.,Heart Healing,Self-Love,null,null
C-0308,Fossilized Coral,,2,308,Agatized Coral,Fossil Material,Agatized Coral,Fossil,Root,"[""Root"",""Third Eye""]","[""Grounding"",""Wisdom"",""Patience""]",Ancestral continuity,"Use when you need perspective on how much time, repetition, and quiet adaptation meaningful change can require.",Grounding,Spiritual Connection,null,null
C-0252,Fuchsite,,2,252,Chrome Mica,Silicates,Fuchsite,Mineral,Heart,"[""Heart""]","[""Worth"",""Healing"",""Renewal""]",Restored self-worth,Use when you are giving compassion freely to others but withholding the same patience and care from yourself.,Joy,null,null,null
C-0048,Garnet,,2,48,Almandine Garnet,Garnet,Almandine,Mineral,Root,"[""Root"",""Crown""]","[""Vitality"",""Devotion"",""Endurance""]",Committed energy,"Use when enthusiasm has faded but the goal, relationship, or promise still matters deeply to you.",Vitality,Confidence,null,null
C-0140,Gold Sheen Obsidian,,2,140,null,Obsidian,Obsidian,Mineraloid,Solar Plexus,"[""Root"",""Solar Plexus""]","[""Protection"",""Insight"",""Confidence""]",Conscious power,Use when you want success or influence but need to examine the motives and consequences behind that desire.,Protection,Communication,null,null
C-0186,Goldstone,,2,186,null,Synthetic Material,Goldstone,Synthetic,Sacral,"[""Root"",""Sacral"",""Solar Plexus""]","[""Confidence"",""Motivation"",""Vitality""]",Motivated action,"Use when you need an energetic nudge to reengage with a goal, project, or creative idea.",Protection,Confidence,null,null
C-0012,Green Calcite,,2,12,null,Calcite,Calcite,Mineral,Heart,"[""Heart""]","[""Healing"",""Renewal"",""Balance""]",Emotional renewal,Use when you need to loosen emotional tension without demanding that yourself or anyone else heal immediately.,Heart Healing,Emotional Balance,null,null
C-0032,Green Fluorite,,2,32,null,Fluorite,Fluorite,Mineral,Heart,"[""Heart""]","[""Clarity"",""Balance"",""Renewal""]",Healthy reorganization,Use when your routines or thoughts need reorganizing but you want the change to feel restorative rather than punishing.,Heart Healing,Transformation,null,null
C-0113,Hematoid Quartz,,2,113,Fire Quartz,Quartz,Quartz,Mineral,Root,"[""All""]","[""Grounding"",""Vitality"",""Focus""]",Grounded momentum,"Use when you need energy that feels anchored, practical, and easier to direct.",Grounding,Clarity & Focus,null,null
C-0123,Herkimer Diamond,,2,123,null,Quartz,Quartz,Mineral,Crown,"[""Crown"",""Third Eye""]","[""Amplification"",""Clarity"",""Attunement""]",Energetic attunement,Use when you want to sharpen your awareness while staying conscious of what you are amplifying.,Spiritual Connection,Clarity & Focus,Amplification,null
C-0013,Honey Calcite,,2,13,null,Calcite,Calcite,Mineral,Solar Plexus,"[""Root"",""Solar Plexus"",""Third Eye""]","[""Confidence"",""Focus"",""Motivation""]",Confident learning,Use when you are learning something difficult and need encouragement to stay curious instead of becoming discouraged.,Confidence,Amplification,Clarity & Focus,null
C-0187,Indigo Gabbro,,2,187,Mystic Merlinite,Aggregate,Feldspar; Pyroxene; Chlorite,Composite,Third Eye,"[""All""]","[""Transformation"",""Intuition"",""Insight""]",Shadow integration,Use when a strong reaction may be revealing a part of yourself that needs understanding rather than judgment.,Grounding,Transformation,null,null
C-0222,Iolite,,2,222,null,Silicates,Cordierite,Mineral,Third Eye,"[""Third Eye""]","[""Intuition"",""Discernment"",""Trust""]",Inner direction,Use when outside opinions are making it difficult to recognize which choice genuinely belongs to you.,Intuition,null,null,null
C-0132,Kambaba Jasper,,2,132,null,Aggregate,Stromatolitic Rock,Aggregate,Heart,"[""Heart"",""Root""]","[""Calm"",""Grounding"",""Peace""]",Ancient stillness,"Use when modern noise and urgency have pulled you away from a deeper, steadier sense of time.",Calm & Peace,Grounding,null,null
C-0398,Kiwi Jasper,,2,398,Sesame Jasper; Kiwi Quartz,Quartz-rich Rocks,Kiwi Jasper,Aggregate,Heart,"[""Heart"",""Root""]","[""Comfort"",""Balance"",""Grounding""]",Gentle emotional support,Use when you are tired of pushing through and need a softer way to return to stability.,Emotional Regulation,Calm & Peace,Grounding,null
C-0245,Kunzite,,2,245,null,Spodumene,Spodumene,Mineral,Heart,"[""Heart""]","[""Compassion"",""Love"",""Release""]",Compassionate release,Use when your empathy has become emotionally exhausting and you need to care without absorbing everything around you.,Heart Healing,null,null,null
C-0396,Larvikite,,2,396,Norwegian Moonstone; Black Labradorite,Feldspar-rich Rocks,Larvikite,Rock,Root,"[""Root"",""Third Eye""]","[""Grounding"",""Protection"",""Intuition""]",Grounded intuition,Use when your intuition feels active but your body and practical judgment need time to catch up.,Grounding,Protection,Intuition,null
C-0107,Lavender Rose Quartz,,2,107,null,Quartz,Quartz,Mineral,Heart,"[""Heart"",""Crown""]","[""Love"",""Peace"",""Healing""]",Serene affection,Use when you want emotional closeness but need the connection to feel peaceful rather than intense.,Heart Healing,Self-Love,Spiritual Connection,null
C-0092,Leopard Skin Jasper,,2,92,null,Quartz,Quartz,Mineral,Root,"[""Heart"",""Root""]","[""Grounding"",""Intuition"",""Insight""]",Instinctive awareness,Use when your first reaction feels important but you need to understand what it is trying to tell you.,Spiritual Connection,Intuition,Grounding,null
C-0115,Lodolite Quartz,,2,115,Garden Quartz,Quartz,Quartz,Mineral,Third Eye,"[""Third Eye"",""Crown""]","[""Intuition"",""Meditation"",""Insight""]",Inner vision,Use when you need to step back from immediate concerns and consider the larger inner landscape.,Intuition,Spiritual Connection,null,null
C-0256,Magnesite,,2,256,null,Carbonates,Magnesite,Mineral,Crown,"[""Crown"",""Third Eye""]","[""Calm"",""Acceptance"",""Peace""]",Self-acceptance,"Use when your inner voice has become demanding, critical, or unwilling to allow ordinary human limitation.",Calm & Peace,null,null,null
C-0141,Mahogany Obsidian,,2,141,null,Obsidian,Obsidian,Mineraloid,Root,"[""Root"",""Sacral"",""Solar Plexus""]","[""Grounding"",""Strength"",""Recovery""]",Grounded recovery,Use when you are recovering from a setback and need strength that feels steady rather than forceful.,Grounding,Transformation,Confidence,null
C-0014,Mangano Calcite,,2,14,Pink Calcite,Calcite,Calcite,Mineral,Heart,"[""Heart""]","[""Healing"",""Compassion"",""Forgiveness""]",Gentle repair,"Use when you need softness after conflict, grief, disappointment, or a period of being emotionally defended.",Clarity & Focus,Amplification,null,null
C-0125,Milky Quartz,3,2,125,null,Quartz,Quartz,Mineral,Crown,"[""Crown""]","[""Calm"",""Clarity"",""Stability""]",Gentle steadiness,Use when you need quiet support but do not want an intense or highly stimulating stone.,Calm & Peace,Clarity & Focus,null,null
C-0094,Mookaite Jasper,,2,94,null,Quartz,Quartz,Mineral,Solar Plexus,"[""Root"",""Heart"",""Solar Plexus""]","[""Courage"",""Discernment"",""Adaptability""]",Confident choice,Use when you face several worthwhile options and need courage to choose without demanding perfect certainty.,Vitality,Joy,Grounding,null
C-0047,Nephrite Jade,,2,47,Nephrite,Silicates,Actinolite-Tremolite,Mineral,Heart,"[""Heart"",""Throat"",""Solar Plexus""]","[""Luck"",""Abundance"",""Stability""]",Lasting stability,Use when you want to build something secure and meaningful rather than chasing a quick result.,Protection,Vitality,null,null
C-0158,Onyx,,2,158,null,Aggregate,Chalcedony,Aggregate,Root,"[""Root""]","[""Discipline"",""Grounding"",""Protection""]",Steady discipline,"Use when emotions, distractions, or outside pressure are pulling you away from the standard you set for yourself.",Confidence,Protection,null,null
C-0262,Opalite,,2,262,null,Synthetic Material,Opalite,Mineral,Crown,"[""Crown"",""Third Eye""]","[""Imagination"",""Communication"",""Connection""]",Gentle connection,"Use when you want to approach a feeling, dream, or relationship with more openness and less defensiveness.",Calm & Peace,Communication,null,null
C-0016,Orange Calcite,,2,16,null,Calcite,Calcite,Mineral,Sacral,"[""Sacral"",""Solar Plexus""]","[""Joy"",""Creativity"",""Energy""]",Creative energy,"Use when you feel emotionally flat, creatively blocked, or reluctant to reenter the flow of life.",Joy,Vitality,null,null
C-0173,Orange Selenite,,2,173,null,Gypsum,Gypsum,Mineral,Sacral,"[""Sacral"",""Solar Plexus""]","[""Purification"",""Creativity"",""Vitality""]",Creative reset,Use when you need a reset that clears heaviness while also inviting warmth and movement back in.,Clarity & Focus,Vitality,null,null
C-0078,Orca Agate,,2,78,null,Quartz,Quartz,Mineral,Throat,"[""Throat"",""Root""]","[""Healing"",""Acceptance"",""Communication""]",Emotional release,Use when you have been holding something in because you are unsure how much emotion will come with the truth.,Emotional Balance,Transformation,null,null
C-0205,Orthoceras,,2,205,null,Fossil Material,Orthoceras,Fossil,Root,"[""Root""]","[""Grounding"",""Wisdom"",""Endurance""]",Long-term perspective,Use when today feels overwhelming and you need to remember that the present moment is one layer within a much longer story.,Protection,Transformation,Grounding,null
C-0395,Peach Moonstone,,2,0,"Peach Moon, Salmon Moonstone",Feldspar,Orthoclase,Mineral,Sacral,"[""Sacral"",""Third Eye"",""Crown""]","[""Intuition"",""Compassion"",""Balance""]",Comforting intuition,Use when change feels emotionally tender and you need guidance that arrives through gentleness rather than pressure.,Self-Love,Emotional Balance,Intuition,null
C-0164,Petrified Wood,,2,164,null,Fossil Material,Petrified Wood,Fossil,Root,"[""Root"",""Third Eye""]","[""Grounding"",""Patience"",""Endurance""]",Deep endurance,Use when you are building something that will take time and need reassurance that slow progress can still be strong progress.,Grounding,Calm & Peace,null,null
C-0117,Phantom Quartz,,2,117,Ghost Quartz,Quartz,Quartz,Mineral,Crown,"[""Crown"",""Third Eye""]","[""Growth"",""Transformation"",""Insight""]",Personal growth,Use when you need perspective on how far you have come and what the next stage is asking of you.,Spiritual Connection,Transformation,Intuition,null
C-0096,Picasso Stone,,2,96,null,Limestone,Metamorphosed Limestone,Mineral,Root,"[""Root"",""Sacral"",""Solar Plexus""]","[""Transformation"",""Connection"",""Grounding""]",Structured transition,"Use when relationships, routines, or circumstances are changing and you need to see the underlying structure more clearly.",Transformation,Joy,null,null
C-0097,Picture Jasper,,2,97,null,Quartz,Quartz,Mineral,Root,"[""Root"",""Third Eye""]","[""Grounding"",""Wisdom"",""Insight""]",Grounded perspective,Use when a problem feels enormous because your attention has become trapped inside its smallest details.,Grounding,Intuition,null,null
C-9001,Pink Amethyst,,2,0,null,Quartz,Quartz,Mineral,Heart,"[""Heart""]","[""Healing"",""Peace"",""Compassion""]",Peaceful healing,"Use when you need emotional healing that feels quiet, spacious, and free from pressure to recover quickly.",Heart Healing,Emotional Balance,Calm & Peace,null
C-0179,Pink Aventurine,3,2,179,null,Aventurine,Aventurine,Aggregate,Heart,"[""Heart""]","[""Confidence"",""Compassion"",""Motivation""]",Encouraged confidence,Use when you need motivation but respond better to encouragement than pressure.,Grounding,Calm & Peace,null,null
C-0084,Pink Chalcedony,,2,84,null,Quartz,Quartz,Mineral,Heart,"[""Heart""]","[""Healing"",""Love"",""Trust""]",Emotional safety,"Use when you want to open your heart again but need the process to feel gradual, protected, and sincere.",Heart Healing,Self-Love,null,null
C-0033,Pink Fluorite,3,2,33,null,Fluorite,Fluorite,Mineral,Heart,"[""Heart"",""Crown""]","[""Compassion"",""Clarity"",""Balance""]",Compassionate perspective,Use when you need to understand an emotional situation clearly without hardening yourself against it.,Emotional Balance,Self-Love,null,null
C-0165,Pink Opal,,2,165,null,Opal,Opal,Mineraloid,Heart,"[""Heart""]","[""Healing"",""Love"",""Compassion""]",Tender release,Use when feelings are close to the surface and you need permission to experience them without becoming overwhelmed.,Self-Love,Heart Healing,null,null
C-0098,Polychrome Jasper,,2,98,null,Quartz,Quartz,Mineral,Root,"[""All""]","[""Embodiment"",""Vitality"",""Acceptance""]",Embodied wholeness,"Use when you feel divided between different roles, desires, or versions of yourself.",Vitality,Amplification,null,null
C-0126,Prasiolite,,2,126,null,Quartz,Quartz,Mineral,Heart,"[""Heart"",""Crown""]","[""Healing"",""Renewal"",""Hope""]",Heart renewal,Use when you are ready to become hopeful again but do not want to ignore what previous disappointment taught you.,Grounding,Clarity & Focus,null,null
C-0211,Prehnite,,2,211,null,Silicates,Prehnite,Mineral,Heart,"[""Heart"",""Third Eye""]","[""Intuition"",""Calm"",""Trust""]",Calm anticipation,Use when you sense that something is changing but do not yet know what the outcome will be.,Calm & Peace,Intuition,null,null
C-0034,Purple Fluorite,,2,34,null,Fluorite,Fluorite,Mineral,Third Eye,"[""Third Eye"",""Crown""]","[""Intuition"",""Clarity"",""Discernment""]",Intuitive discernment,Use when you are receiving many impressions and need to decide which ones deserve your trust and attention.,Intuition,Spiritual Connection,null,null
C-0142,Rainbow Obsidian,,2,142,null,Obsidian,Obsidian,Mineraloid,Root,"[""Root"",""Heart""]","[""Protection"",""Healing"",""Insight""]",Emotional insight,Use when you are ready to understand the deeper emotional pattern beneath a recurring difficulty.,Protection,Heart Healing,null,null
C-0180,Red Aventurine,3,2,180,null,Aventurine,Aventurine,Aggregate,Sacral,"[""Sacral"",""Root""]","[""Motivation"",""Endurance"",""Vitality""]",Persistent action,Use when you need motivation that will last beyond the excitement of starting.,Grounding,Vitality,null,null
C-0017,Red Calcite,,2,17,null,Calcite,Calcite,Mineral,Root,"[""Root"",""Sacral""]","[""Vitality"",""Motivation"",""Courage""]",Renewed vitality,Use when you feel depleted or hesitant and need a gradual return to movement rather than a sudden push.,Vitality,Grounding,Confidence,null
C-0169,Red Tiger's Eye,,2,169,null,Tiger's Eye,Tiger's Eye,Aggregate,Root,"[""All""]","[""Confidence"",""Motivation"",""Vitality""]",Decisive action,Use when hesitation has lasted long enough and the next practical move is already clear.,Confidence,Vitality,null,null
C-0213,Rhodochrosite,,2,213,null,Carbonates,Rhodochrosite,Mineral,Heart,"[""Heart"",""Solar Plexus""]","[""Love"",""Joy"",""Healing""]",Reclaimed joy,"Use when you are ready to reconnect with joy but part of you still believes happiness is unsafe, selfish, or temporary.",Heart Healing,Self-Love,null,null
C-0214,Rhodonite,,2,214,null,Silicates,Rhodonite,Mineral,Heart,"[""Heart"",""Root""]","[""Healing"",""Compassion"",""Boundaries""]",Compassionate boundaries,Use when you want to forgive or move forward without reopening access to the behavior that caused harm.,Grounding,Vitality,null,null
C-0264,Rhyolite,,2,264,Rainforest Jasper,Aggregate,Rhyolite,Aggregate,Heart,"[""Heart"",""Sacral""]","[""Adaptability"",""Transformation"",""Creativity""]",Healthy adaptation,Use when circumstances require you to change but you do not want growth to feel like self-erasure.,Transformation,Clarity & Focus,null,null
C-0038,Ruby,,2,38,null,Corundum,Corundum,Mineral,Root,"[""Root""]","[""Vitality"",""Courage"",""Devotion""]",Wholehearted courage,Use when you need to stop approaching something important with only half of your energy or conviction.,Confidence,Vitality,null,null
C-0195,Ruby Fuchsite,,2,195,Fuchsite Ruby,Aggregate,Corundum; Fuchsite,Composite,Heart,"[""Root"",""Heart""]","[""Healing"",""Worth"",""Vitality""]",Heart-centered vitality,Use when emotional work has left you tired and you need to reconnect healing with strength rather than depletion.,Confidence,null,null,null
C-0196,Ruby Zoisite,,2,196,Anyolite,Aggregate,Corundum; Zoisite,Composite,Heart,"[""Root"",""Heart"",""Third Eye""]","[""Growth"",""Courage"",""Vitality""]",Purposeful growth,Use when you know you are capable of more but need courage to let that potential become visible through action.,Protection,Vitality,null,null
C-0114,Rutilated Quartz,,2,114,null,Quartz,Quartz,Mineral,Solar Plexus,"[""Solar Plexus"",""Heart"",""Crown""]","[""Amplification"",""Focus"",""Motivation""]",Purposeful momentum,Use when you have energy and ideas but need a clearer direction for where to place them.,Amplification,Manifestation,Spiritual Connection,null
C-0216,Scolecite,,2,216,null,Silicates,Scolecite,Mineral,Crown,"[""Soul Star"",""Crown"",""Third Eye"",""Heart""]","[""Peace"",""Meditation"",""Intuition""]",Meditative receptivity,Use when you want guidance but your effort to find an answer has become louder than your ability to receive one.,Calm & Peace,Spiritual Connection,null,null
C-0198,Septarian,,2,198,Septarian Nodule,Aggregate,Calcite; Aragonite; Limestone,Composite,Root,"[""Root""]","[""Grounding"",""Stability"",""Communication""]",Inner structure,Use when life feels fragmented and you need to rebuild a sense of internal organization.,Grounding,Communication,Intuition,null
C-0051,Serpentine,,2,51,null,Serpentine,Lizardite,Mineral,Heart,"[""All""]","[""Transformation"",""Awakening"",""Vitality""]",Instinctive renewal,"Use when you feel disconnected from your body, surroundings, or natural sense of what supports you.",Transformation,Heart Healing,null,null
C-0200,Shiva Lingam,,2,200,null,Aggregate,Chalcedony,Aggregate,Root,"[""All""]","[""Balance"",""Embodiment"",""Vitality""]",Embodied balance,Use when you feel pulled between pushing forward and allowing events to unfold.,Grounding,Vitality,Spiritual Connection,null
C-0201,Shungite,,2,201,null,Organic Material,Shungite,Organic,Root,"[""Root""]","[""Protection"",""Grounding"",""Purification""]",Environmental grounding,"Use when a space, device-heavy environment, or crowded setting leaves you feeling overstimulated and depleted.",Protection,Grounding,null,null
C-9003,Silver Sheen Obsidian,,2,0,null,Obsidian,Obsidian,Volcanic glass,Third Eye,"[""Root"",""Third Eye""]","[""Protection"",""Insight"",""Discernment""]",Clear discernment,Use when you need to understand what is influencing your judgment before making an important choice.,Protection,Intuition,Clarity & Focus,null
C-0143,Snowflake Obsidian,,2,143,null,Obsidian,Obsidian,Mineraloid,Root,"[""Root"",""Third Eye""]","[""Grounding"",""Balance"",""Transformation""]",Pattern awareness,Use when you are beginning to recognize a pattern but need compassion and steadiness to change it.,Transformation,Calm & Peace,null,null
C-0104,Spirit Quartz,,2,104,Cactus Quartz,Quartz,Quartz,Mineral,Crown,"[""All""]","[""Harmony"",""Spirit"",""Connection""]",Shared harmony,Use when you want to strengthen connection without losing your own center within the group.,Protection,Spiritual Connection,null,null
C-0346,Stilbite,,2,346,null,Silicates,Stilbite,Mineral,Heart,"[""Heart"",""Crown""]","[""Openness"",""Dreams"",""Peace""]",Gentle openness,Use when part of you wants to open to a new possibility while another part is afraid of being disappointed.,Calm & Peace,Heart Healing,null,null
C-0365,Super Seven,3,2,0,Melody Stone; Sacred Seven,Quartz,Quartz + Inclusions,Mineral,Crown,"[""All""]","[""Amplification"",""Integration"",""Intuition""]",Energetic integration,"Use when you are processing several emotions, insights, or energetic influences at the same time.",Amplification,Spiritual Connection,null,null
C-0109,Tangerine Quartz,,2,109,null,Quartz,Quartz,Mineral,Sacral,"[""Sacral""]","[""Creativity"",""Confidence"",""Joy""]",Creative courage,Use when you need warmth and encouragement to move from preparation into participation.,Joy,Emotional Balance,null,null
C-0349,Thunderegg,,2,349,null,Quartz,Agate,Mineral,Root,"[""Root"",""Third Eye""]","[""Transformation"",""Insight"",""Patience""]",Hidden potential,Use when something appears ordinary or closed but you sense there may be more beneath the surface.,Grounding,Intuition,null,null
C-0351,Titanium Aura Quartz,,2,351,Rainbow Aura Quartz,Quartz,Quartz,Mineral,Crown,"[""Crown"",""All""]","[""Confidence"",""Joy"",""Uplift""]",Bold expression,Use when you want to step into a larger presence without becoming scattered or overstimulated.,Joy,Vitality,null,null
C-0112,Tourmaline Quartz,,2,112,null,Quartz,Quartz,Mineral,Root,"[""All""]","[""Protection"",""Grounding"",""Clarity""]",Protected clarity,Use when you need to think clearly without becoming overly affected by the atmosphere around you.,Protection,Clarity & Focus,null,null
C-0079,Tree Agate,,2,79,null,Quartz,Quartz,Mineral,Heart,"[""Root"",""Heart"",""Crown""]","[""Growth"",""Grounding"",""Stability""]",Rooted growth,"Use when you want to grow without losing the routines, relationships, or values that keep you grounded.",Grounding,Calm & Peace,null,null
C-0228,Turquoise,,2,228,null,Phosphates,Turquoise,Mineral,Throat,"[""Throat"",""Third Eye""]","[""Protection"",""Communication"",""Wisdom""]",Protected expression,Use when you need to speak openly while remaining grounded in your values and personal boundaries.,Protection,Calm & Peace,null,null
C-0086,White Chalcedony,3,2,86,null,Quartz,Quartz,Mineral,Crown,"[""Crown"",""Throat""]","[""Calm"",""Clarity"",""Peace""]",Calm neutrality,Use when you need a pause between what happened and the meaning you are about to assign to it.,Clarity & Focus,Calm & Peace,null,null
C-0176,White Dolomite,3,2,176,null,Carbonates,Dolomite,Mineral,Crown,"[""Root"",""Crown""]","[""Calm"",""Grounding"",""Acceptance""]",Gentle support,Use when you are exhausted from trying to manage everything alone and need permission to soften your grip.,Grounding,Calm & Peace,null,null
C-0036,Yellow Fluorite,3,2,36,null,Fluorite,Fluorite,Mineral,Solar Plexus,"[""Solar Plexus""]","[""Focus"",""Confidence"",""Clarity""]",Confident focus,Use when you understand the task but doubt your ability to complete it well.,Clarity & Focus,Joy,null,null
C-0101,Yellow Jasper,,2,101,null,Quartz,Quartz,Mineral,Solar Plexus,"[""Solar Plexus"",""Root""]","[""Confidence"",""Grounding"",""Endurance""]",Steady confidence,Use when you need to remain capable and composed through a task that will take longer than you would prefer.,Confidence,Joy,Calm & Peace,null
C-0203,Yooperlite,,2,203,Flame Stone,Aggregate,Sodalite; Feldspar,Composite,Third Eye,"[""Throat"",""Third Eye""]","[""Insight"",""Intuition"",""Transformation""]",Hidden self-discovery,"Use when you suspect there is more to your ability, personality, or situation than current circumstances reveal.",Intuition,null,null,null
C-0018,Zebra Calcite,,2,18,null,Calcite,Calcite,Mineral,Root,"[""All""]","[""Balance"",""Integration"",""Stability""]",Inner integration,Use when two parts of you want different things and neither one should be ignored or overruled.,Emotional Balance,Calm & Peace,null,null
C-0102,Zebra Jasper,,2,102,null,Quartz,Quartz,Mineral,Root,"[""Root""]","[""Balance"",""Harmony"",""Grounding""]",Balanced cooperation,"Use when two people, priorities, or parts of yourself need to coexist without one dominating the other.",Vitality,Emotional Balance,null,null
C-0274,Amegreen,,3,274,null,Quartz,Quartz,Mineral,Heart,"[""Heart"",""Crown""]","[""Balance"",""Healing"",""Harmony""]",Heart-mind balance,Use when your feelings and thoughts seem to be pulling you in different directions and you need a more integrated perspective.,Heart Healing,Spiritual Connection,null,null
C-0120,Ametrine,2,3,120,null,Quartz,Quartz,Mineral,Solar Plexus,"[""Third Eye"",""Solar Plexus""]","[""Balance"",""Clarity"",""Motivation""]",Purposeful decisions,Use when you understand your options but need the confidence and clarity to choose a direction and move forward.,Protection,Clarity & Focus,null,null
C-0148,Andalusite,,3,148,null,Silicates,Andalusite,Mineral,Solar Plexus,"[""Root"",""Solar Plexus""]","[""Balance"",""Insight"",""Discernment""]",Balanced perspective,Use when you are locked into one interpretation and need to consider what else may be true before responding.,Grounding,Confidence,Clarity & Focus,null
C-0247,Astrophyllite,,3,247,null,Silicates,Astrophyllite,Mineral,Crown,"[""Crown"",""Third Eye"",""Root""]","[""Purpose"",""Insight"",""Transformation""]",Purposeful expansion,Use when you sense that a transition has deeper meaning but cannot yet see how its pieces fit together.,Spiritual Connection,Clarity & Focus,Confidence,null
C-0133,Atlantisite,,3,133,Stichtite in Serpentine,Silicates,Antigorite; Stichtite,Composite,Heart,"[""Heart"",""Crown""]","[""Compassion"",""Healing"",""Grounding""]",Grounded compassion,Use when you want to process a tender emotional issue without becoming consumed by it or disconnected from daily life.,Spiritual Connection,Vitality,null,null
C-0182,Auralite 23,,3,182,null,Quartz,Quartz,Mineral,Crown,"[""All""]","[""Integration"",""Insight"",""Transformation""]",Pattern awareness,Use when repeated reactions or emotional patterns are becoming visible and you are ready to understand what keeps driving them.,Transformation,Spiritual Connection,null,null
C-0006,Azurite,2,3,6,null,Copper Minerals,Azurite,Mineral,Third Eye,"[""Third Eye"",""Crown""]","[""Insight"",""Intuition"",""Clarity""]",Deep insight,Use when a situation feels confusing and you suspect an unexamined belief or pattern is shaping your interpretation.,Intuition,Clarity & Focus,null,null
C-0206,Barite,,3,206,Baryte,Other Mineral,Barite,Mineral,Crown,"[""Throat"",""Third Eye"",""Crown""]","[""Clarity"",""Boundaries"",""Release""]",Burden release,Use when you feel responsible for fixing more than is realistically yours to carry.,Calm & Peace,Intuition,Spiritual Connection,null
C-0400,Biotite,,3,0,Black Mica; Dark Mica,null,null,null,Root,"[""Root"",""Third Eye""]","[""Protection"",""Boundaries"",""Reflection""]",Protective self-reflection,Use when you need to understand what belongs to you and what you may be carrying for someone else.,Protection,Grounding,Clarity & Focus,null
C-0150,Black Amethyst,2,3,150,null,Quartz,Quartz,Mineral,Third Eye,"[""Third Eye"",""Crown""]","[""Protection"",""Grounding"",""Intuition""]",Grounded intuition,Use when you want to trust your instincts while staying anchored in reality and protected from outside emotional noise.,Protection,Spiritual Connection,null,null
C-0081,Black Chalcedony,,3,81,null,Quartz,Quartz,Mineral,Root,"[""Root""]","[""Protection"",""Boundaries"",""Calm""]",Calm boundaries,Use when you need to protect your peace and respond thoughtfully instead of reacting to pressure or provocation.,Protection,Transformation,Calm & Peace,null
C-0002,Blue Aragonite,,3,2,null,Aragonite,Aragonite,Mineral,Throat,"[""Throat"",""Third Eye""]","[""Calm"",""Communication"",""Healing""]",Emotional release,Use when you feel emotionally overloaded and need to express what is weighing on you without escalating the situation.,Emotional Balance,Calm & Peace,null,null
C-0152,Blue Chert,,3,152,null,Aggregate,Chert,Aggregate,Throat,"[""Throat"",""Third Eye""]","[""Clarity"",""Grounding"",""Communication""]",Practical clarity,Use when a situation feels emotionally charged and you need to focus on facts without becoming cold or dismissive.,Clarity & Focus,Calm & Peace,null,null
C-0160,Blue Opal,,3,160,null,Opal,Opal,Mineraloid,Throat,"[""Throat"",""Third Eye""]","[""Calm"",""Communication"",""Compassion""]",Gentle expression,Use when you need to explain how you feel but fear that emotion will make the conversation harder.,Calm & Peace,Communication,null,null
C-9004,Blue Rose Quartz,,3,0,null,Quartz,Quartz,Mineral,Heart,"[""Heart"",""Throat""]","[""Communication"",""Compassion"",""Peace""]",Tender communication,Use when you need to talk about something emotionally delicate without becoming overwhelmed or withdrawing.,Calm & Peace,Communication,Heart Healing,null
C-0283,Blue Topaz,,3,0,null,Silicates,Topaz,Mineral,Throat,"[""Throat"",""Third Eye""]","[""Communication"",""Clarity"",""Confidence""]",Clear communication,"Use when you understand a subject but need to communicate it clearly, confidently, and without unnecessary complication.",Communication,Clarity & Focus,null,null
C-0053,Brown Tourmaline,,3,53,Dravite,Tourmaline,Dravite,Mineral,Root,"[""Root"",""Earth Star""]","[""Grounding"",""Protection"",""Stability""]",Deep grounding,Use when stress is pulling you out of your body and you need to return to practical reality and immediate needs.,Grounding,Protection,null,null
C-0287,Buddstone,,3,287,Transvaal Jade,Silicates,Fuchsite,Mineral,Heart,"[""Heart""]","[""Recovery"",""Endurance"",""Renewal""]",Steady recovery,Use when improvement is happening more slowly than you hoped and you need patience to continue supporting the process.,Heart Healing,Vitality,null,null
C-0008,Bumblebee Jasper,2,3,8,null,Calcite,Calcite,Composite,Solar Plexus,"[""Solar Plexus"",""Sacral""]","[""Confidence"",""Motivation"",""Courage""]",Bold action,Use when fear of making the wrong move is keeping you from taking any meaningful action at all.,Joy,Vitality,Confidence,null
C-0289,Cacoxenite,,3,0,null,Phosphates,Cacoxenite,Mineral,Crown,"[""Crown"",""Third Eye""]","[""Spirit"",""Integration"",""Growth""]",Spiritual integration,Use when several lessons are arriving at once and you need time to integrate them instead of immediately seeking the next insight.,Spiritual Connection,Intuition,null,null
C-0363,Calligraphy Stone,,3,363,Arabic Stone; Miriam Stone; Elephant Skin Jasper,Aggregate,Fossil Rock,Fossil,Sacral,"[""Third Eye"",""Root"",""Solar Plexus"",""Sacral""]","[""Adaptability"",""Creativity"",""Insight""]",Adaptive thinking,Use when plans keep changing and you need to work with the situation in front of you rather than the one you expected.,Spiritual Connection,Intuition,null,null
C-0249,Charoite,2,3,249,null,Silicates,Charoite,Mineral,Crown,"[""Third Eye"",""Crown"",""Solar Plexus"",""Root""]","[""Transformation"",""Courage"",""Insight""]",Transformational courage,Use when a major life change is asking you to release an old identity before the new one feels fully formed.,Confidence,Transformation,null,null
C-0250,Chiastolite,,3,250,Cross Stone,Silicates,Andalusite,Mineral,Root,"[""Root"",""Crown""]","[""Protection"",""Resilience"",""Purpose""]",Purpose under pressure,Use when a difficult period is testing your commitment and you need to remember what makes the effort meaningful.,Protection,Grounding,null,null
C-0185,Chrysanthemum Stone,,3,185,null,Aggregate,Calcite; Celestine,Composite,Root,"[""Root"",""Crown""]","[""Growth"",""Patience"",""Stability""]",Patient growth,Use when progress feels invisible and you need reassurance that steady development is still taking place beneath the surface.,Calm & Peace,Transformation,null,null
C-0251,Cinnabrite,,3,251,null,Silicates,Meionite; Wairakite; Thulite,Composite,Root,"[""Sacral"",""Solar Plexus"",""Heart"",""Throat""]","[""Vitality"",""Balance"",""Grounding""]",Balanced vitality,"Use when you need more energy but do not want motivation to become agitation, impatience, or overextension.",Protection,Vitality,null,null
C-0037,Copper,2,3,37,Native Copper,Other Mineral,Copper,Mineral,Sacral,"[""Root"",""Sacral"",""Solar Plexus""]","[""Energy"",""Amplification"",""Flow""]",Energizing action,Use when your energy feels available but scattered and you need to direct it toward one clear task or intention.,Vitality,Amplification,null,null
C-0234,Danburite,,3,234,null,Silicates,Danburite,Mineral,Crown,"[""Crown"",""Heart""]","[""Spirit"",""Clarity"",""Purpose""]",Elevated clarity,Use when you want to reconnect with a higher purpose while still making grounded choices in your daily life.,Grounding,Calm & Peace,null,null
C-0236,Diopside,,3,236,null,Silicates,Diopside,Mineral,Heart,"[""Heart"",""Root""]","[""Renewal"",""Healing"",""Growth""]",Restorative growth,Use when you are recovering from exhaustion or disappointment and want to rebuild strength without rushing the process.,Heart Healing,Grounding,Transformation,null
C-0019,Dioptase,,3,19,null,Copper Minerals,Dioptase,Mineral,Heart,"[""Heart""]","[""Healing"",""Openness"",""Compassion""]",Heart healing,Use when an old emotional wound is resurfacing and you are ready to meet it without minimizing or becoming overwhelmed.,Heart Healing,null,null,null
C-0301,Dream Quartz,,3,0,null,Quartz,Quartz,Mineral,Third Eye,"[""Third Eye"",""Crown""]","[""Imagination"",""Dreams"",""Insight""]",Creative vision,Use when your thinking feels boxed in and you need to imagine a possibility that is not limited by your usual assumptions.,Intuition,Spiritual Connection,null,null
C-0366,Elestial Quartz,,3,0,Skeletal Quartz; Jacare Quartz; Crocodile Quartz,Quartz,Quartz,Mineral,Crown,"[""Crown"",""Third Eye"",""All""]","[""Transformation"",""Integration"",""Insight""]",Deep integration,Use when you are processing a complicated chapter and need to understand how its different layers have shaped you.,Transformation,Heart Healing,null,null
C-0302,Elite Shungite,,3,302,Noble Shungite,Shungite,Shungite,Mineraloid,Root,"[""Root"",""All""]","[""Purification"",""Protection"",""Boundaries""]",Deep clearing,"Use when your surroundings feel dense, overstimulating, or emotionally cluttered and you need a stronger sense of separation.",Protection,null,null,null
C-0022,Emerald,,3,22,null,Beryl,Beryl,Mineral,Heart,"[""Heart""]","[""Love"",""Loyalty"",""Abundance""]",Lasting growth,"Use when you want to strengthen a relationship, commitment, or goal through steady care rather than dramatic gestures.",Heart Healing,Manifestation,null,null
C-0239,Eudialyte,,3,239,null,Silicates,Eudialyte,Mineral,Root,"[""Heart"",""Root""]","[""Purpose"",""Worth"",""Vitality""]",Purposeful identity,Use when comparison is making you question whether your particular strengths or path have enough value.,Heart Healing,Vitality,Spiritual Connection,null
C-0304,Faden Quartz,,3,0,null,Quartz,Quartz,Mineral,Heart,"[""Crown"",""All""]","[""Healing"",""Connection"",""Resilience""]",Healing connection,"Use when a relationship, plan, or part of yourself feels fractured and you want to explore what can be repaired without pretending nothing changed.",Heart Healing,Confidence,null,null
C-0305,Fancy Jasper,,3,0,null,Quartz,Jasper,Mineral,Root,"[""Root"",""Heart""]","[""Balance"",""Stability"",""Adaptability""]",Balanced adaptability,Use when several areas of life are shifting at once and you need to remain flexible without losing your center.,Calm & Peace,Grounding,null,null
C-0074,Fire Agate,2,3,74,null,Quartz,Quartz,Mineral,Root,"[""All""]","[""Courage"",""Protection"",""Confidence""]",Protected courage,Use when you need to take a risk but want confidence rooted in preparation rather than impulse.,Vitality,Confidence,Protection,null
C-0306,Fire Opal,,3,306,null,Opal,Opal,Mineraloid,Sacral,"[""Sacral"",""Solar Plexus""]","[""Passion"",""Creativity"",""Vitality""]",Creative passion,Use when you feel disconnected from excitement and want to recover a more vivid sense of desire or creative possibility.,Vitality,Joy,null,null
C-0156,Fulgurite,,3,156,null,Other Mineral,Fulgurite,Mineraloid,Solar Plexus,"[""All""]","[""Breakthrough"",""Transformation"",""Focus""]",Decisive breakthrough,Use when you have delayed an important change and need a clear moment of commitment.,Clarity & Focus,Transformation,null,null
C-0136,Galena,,3,136,null,Sulfides,Galena,Mineral,Root,"[""Root"",""Earth Star""]","[""Grounding"",""Protection"",""Boundaries""]",Strong boundaries,Use when you feel weighed down by responsibilities or environments that are asking more from you than you can sustainably give.,Grounding,Transformation,null,null
C-0040,Goethite,,3,40,null,Iron Minerals,Goethite,Mineral,Root,"[""Root"",""Earth Star""]","[""Grounding"",""Perseverance"",""Strength""]",Steady perseverance,Use when progress is difficult and you need determination that is steady rather than harsh or relentless.,Grounding,Transformation,null,null
C-0122,Golden Healer Quartz,2,3,122,null,Quartz,Quartz,Mineral,Solar Plexus,"[""Solar Plexus"",""Crown""]","[""Healing"",""Renewal"",""Vitality""]",Restorative energy,Use when you feel worn down and need encouragement that supports recovery without demanding immediate productivity.,Confidence,null,null,null
C-0311,Golden Labradorite,,3,311,Yellow Labradorite; Bytownite,Feldspar,Plagioclase,Mineral,Solar Plexus,"[""Solar Plexus"",""Crown""]","[""Confidence"",""Purpose"",""Clarity""]",Purposeful confidence,Use when you have energy and ideas but need a stronger sense of which direction reflects your real priorities.,Confidence,Clarity & Focus,null,null
C-0076,Grape Agate,2,3,76,null,Quartz,Quartz,Mineral,Third Eye,"[""Crown"",""Third Eye"",""Etheric""]","[""Intuition"",""Calm"",""Insight""]",Gentle perspective,Use when you are emotionally caught inside a situation and need enough distance to see it more clearly.,Intuition,Spiritual Connection,null,null
C-0045,Green Apatite,,3,45,null,Apatite,Apatite,Mineral,Heart,"[""Heart"",""Throat""]","[""Motivation"",""Growth"",""Renewal""]",Renewed motivation,Use when a meaningful goal still matters but your energy for pursuing it has begun to fade.,Transformation,null,null,null
C-0003,Green Aragonite,,3,3,null,Aragonite,Aragonite,Mineral,Heart,"[""Heart""]","[""Renewal"",""Patience"",""Stability""]",Gentle renewal,Use when you are recovering from a draining period and need to rebuild your energy without pressuring yourself to bounce back quickly.,Heart Healing,Self-Love,null,null
C-0313,Green Heulandite,,3,0,null,Silicates,Heulandite,Mineral,Heart,"[""Heart"",""Crown""]","[""Renewal"",""Openness"",""Hope""]",Gentle reopening,Use when disappointment has made you emotionally guarded and you want to become receptive again without abandoning discernment.,Heart Healing,Transformation,null,null
C-0065,Green Kyanite,,3,65,null,Kyanite,Kyanite,Mineral,Heart,"[""All""]","[""Alignment"",""Growth"",""Truth""]",Aligned growth,Use when you are considering a new direction and want to know whether it genuinely supports the person you are becoming.,Heart Healing,Grounding,Clarity & Focus,null
C-0399,Green Moonstone,,3,399,Garnierite,Nickel-bearing Silicates,Garnierite,Aggregate,Heart,"[""Heart"",""Solar Plexus""]","[""Growth"",""Self-Worth"",""Renewal""]",Patient personal growth,Use when progress feels slow and you are tempted to measure your worth by visible results.,Heart Healing,Emotional Regulation,Transformation,null
C-0314,Green Opal,,3,314,null,Opal,Opal,Mineraloid,Heart,"[""Heart"",""Sacral""]","[""Renewal"",""Hope"",""Openness""]",Emotional renewal,Use when part of you wants a fresh beginning but another part is still bracing for the past to repeat itself.,Heart Healing,Transformation,null,null
C-0057,Green Tourmaline,,3,57,Verdelite,Tourmaline,Elbaite,Mineral,Heart,"[""Heart""]","[""Growth"",""Vitality"",""Abundance""]",Heart-led growth,Use when you want to invest energy in something that feels both personally meaningful and capable of lasting growth.,Heart Healing,Vitality,null,null
C-0315,Greenstone,,3,0,New Zealand Pounamu; Nephrite variety,Silicates,Nephrite,Mineral,Heart,"[""Heart"",""Root""]","[""Belonging"",""Grounding"",""Stability""]",Grounded belonging,Use when you feel disconnected from your surroundings and need to rebuild a sense of rootedness and familiarity.,Protection,Spiritual Connection,null,null
C-0061,Grossular Garnet,,3,61,Grossularite; Tsavorite (green variety),Garnet,Grossular,Mineral,Heart,"[""Heart"",""Solar Plexus""]","[""Growth"",""Abundance"",""Confidence""]",Grounded growth,Use when you are building something new and want expansion to feel sustainable rather than rushed or uncertain.,Transformation,Manifestation,null,null
C-0364,Hackmanite,,3,364,Tenebrescent Sodalite,Silicates,Sodalite,Mineral,Third Eye,"[""Third Eye"",""Crown""]","[""Transformation"",""Intuition"",""Insight""]",Recognizing what change is revealing,Use when a shift in circumstances is revealing something you could not see from your previous perspective.,Transformation,Intuition,Clarity & Focus,null
C-0240,Halite,,3,240,null,Other Mineral,Halite,Mineral,Crown,"[""All""]","[""Purification"",""Clarity"",""Release""]",Energetic clearing,"Use when a room, interaction, or experience feels emotionally stale and you want to create a cleaner internal reset.",Protection,null,null,null
C-0317,Healer's Gold,,3,317,Apache Gold,Aggregate,Pyrite in Magnetite,Aggregate,Solar Plexus,"[""Solar Plexus"",""Root""]","[""Abundance"",""Grounding"",""Discipline""]",Grounded prosperity,Use when you are pursuing financial or professional growth and need confidence supported by structure and consistent effort.,Vitality,Grounding,null,null
C-0318,Hemimorphite,,3,318,null,Silicates,Hemimorphite,Mineral,Throat,"[""Throat"",""Heart"",""Third Eye""]","[""Communication"",""Hope"",""Clarity""]",Hopeful communication,Use when discouragement is affecting how you speak to yourself or others and you need to restore a more balanced tone.,Communication,Heart Healing,null,null
C-0161,Hiddenite,,3,161,null,Spodumene,Spodumene,Mineral,Heart,"[""Heart""]","[""Renewal"",""Hope"",""Courage""]",Hopeful renewal,Use when disappointment has made you cautious and you need help believing that a new beginning can unfold differently.,Heart Healing,Self-Love,Manifestation,null
C-0320,Hypersthene,,3,320,Velvet Labradorite (trade),Silicates,Hypersthene,Mineral,Third Eye,"[""Third Eye"",""Root""]","[""Discernment"",""Grounding"",""Reflection""]",Quiet discernment,Use when you need distance from a strong emotional reaction so you can understand it without suppressing it.,Intuition,Grounding,null,null
C-0050,Infinite,2,3,50,Lemon Serpentine,Serpentine,Lizardite,Mineral,Heart,"[""All""]","[""Calm"",""Resilience"",""Adaptability""]",Calm resilience,"Use when ongoing stress is making you rigid, reactive, or unable to adjust to changing demands.",Heart Healing,Calm & Peace,null,null
C-0204,Jet,,3,204,Black Amber,Organic Material,Jet,Organic,Root,"[""Root"",""Earth Star""]","[""Protection"",""Healing"",""Grounding""]",Gentle protection,Use when you are carrying sadness or heaviness and need quiet support without being pushed toward premature closure.,Protection,Heart Healing,null,null
C-0059,K2 Jasper,2,3,59,null,Other Mineral,Granite,Composite,Third Eye,"[""Third Eye""]","[""Intuition"",""Grounding"",""Purpose""]",Grounded vision,Use when you have a large vision and need to determine which part can realistically be built first.,Spiritual Connection,Grounding,Intuition,null
C-0091,Laguna Jasper,,3,91,null,Quartz,Quartz,Mineral,Sacral,"[""Root"",""Sacral""]","[""Resilience"",""Creativity"",""Vitality""]",Renewed enthusiasm,"Use when routine has flattened your energy and you need to reconnect with curiosity, color, and genuine enjoyment.",Emotional Balance,Calm & Peace,null,null
C-0253,Larimar,2,3,253,Blue Pectolite,Silicates,Pectolite,Mineral,Throat,"[""Third Eye"",""Throat""]","[""Communication"",""Calm"",""Compassion""]",Calm communication,Use when you need to discuss something sensitive and want your words to remain both honest and kind.,Calm & Peace,Communication,null,null
C-0322,Lemurian Aquatine Calcite,,3,322,null,Calcite,Calcite,Mineral,Throat,"[""Heart"",""Throat"",""Third Eye""]","[""Peace"",""Acceptance"",""Release""]",Peaceful surrender,Use when uncertainty is making you grip too tightly and you need to allow a situation to unfold without constant intervention.,Calm & Peace,Emotional Balance,null,null
C-0323,Lemurian Seed Crystal,,3,323,null,Quartz,Quartz,Mineral,Crown,"[""Crown"",""All""]","[""Spirit"",""Growth"",""Attunement""]",Intentional growth,Use when you are beginning a spiritual or personal practice and want to approach it with consistency rather than novelty.,Spiritual Connection,Intuition,null,null
C-0324,Lepidocrocite,,3,0,null,Oxides,Lepidocrocite,Mineral,Heart,"[""Heart"",""Root""]","[""Insight"",""Compassion"",""Healing""]",Emotional insight,Use when a strong reaction is telling you there is more happening beneath the surface than the immediate situation explains.,Heart Healing,Emotional Balance,null,null
C-0325,Lithium Quartz,,3,325,null,Quartz,Quartz,Mineral,Crown,"[""Heart"",""Crown"",""Third Eye""]","[""Calm"",""Balance"",""Peace""]",Emotional calming,Use when your nervous system feels overstimulated and you need to soften the intensity before making decisions or having conversations.,Calm & Peace,Emotional Balance,null,null
C-0042,Lodestone,,3,42,Magnetic Magnetite,Iron Minerals,Magnetite,Mineral,Root,"[""Root""]","[""Attraction"",""Alignment"",""Purpose""]",Focused attraction,Use when you know what you want to build or invite into your life but your actions are not yet aligned with that intention.,Manifestation,null,null,null
C-0043,Magnetite,,3,43,null,Iron Minerals,Magnetite,Mineral,Root,"[""Root""]","[""Grounding"",""Alignment"",""Focus""]",Energetic alignment,Use when too many competing demands have left you unfocused and disconnected from your central priorities.,Grounding,Manifestation,null,null
C-0327,Marcasite,,3,327,null,Sulfides,Marcasite,Mineral,Solar Plexus,"[""Solar Plexus"",""Root""]","[""Discernment"",""Reflection"",""Clarity""]",Clear discernment,"Use when something looks promising but you need to examine whether it is genuinely useful, stable, or aligned.",Confidence,Clarity & Focus,null,null
C-0328,Merlinite,,3,328,Psilomelane (mineral name),Oxides,Psilomelane,Mineral,Third Eye,"[""Third Eye"",""Root"",""Crown""]","[""Intuition"",""Integration"",""Balance""]",Integrated intuition,Use when a situation contains conflicting signals and you need to hold more than one possibility without rushing to certainty.,Intuition,Transformation,null,null
C-0024,Morganite,2,3,24,Pink Beryl,Beryl,Beryl,Mineral,Heart,"[""Heart""]","[""Love"",""Trust"",""Compassion""]",Gentle trust,"Use when you want to remain open to affection or connection but feel tempted to rush, test, or overanalyze it.",Heart Healing,Self-Love,null,null
C-0260,Muscovite,,3,260,White Mica,Silicates,Muscovite,Mineral,Crown,"[""Crown"",""Third Eye""]","[""Reflection"",""Clarity"",""Insight""]",Honest reflection,Use when you need to examine your role in a situation without collapsing into shame or shifting all responsibility elsewhere.,Clarity & Focus,Transformation,null,null
C-0163,Opal,,3,163,null,Opal,Opal,Mineraloid,Crown,"[""All""]","[""Imagination"",""Creativity"",""Insight""]",Emotional awareness,Use when your emotions feel vivid but unclear and you need to understand what they are trying to show you.,Protection,Communication,null,null
C-0015,Optical Calcite,,3,15,"Iceland Spar, Clear Calcite",Calcite,Calcite,Mineral,Third Eye,"[""Crown"",""All""]","[""Clarity"",""Insight"",""Discernment""]",New perspective,Use when you are locked into one interpretation and need to consider what the situation might look like from another angle.,Clarity & Focus,Amplification,null,null
C-0068,Orange Kyanite,,3,68,null,Kyanite,Kyanite,Mineral,Sacral,"[""Sacral"",""Throat""]","[""Creativity"",""Confidence"",""Expression""]",Creative expression,Use when you have an idea or desire you keep minimizing because expressing it feels vulnerable or self-indulgent.,Joy,Emotional Balance,null,null
C-0263,Peridot,,3,263,Olivine,Silicates,Olivine,Mineral,Heart,"[""Heart"",""Solar Plexus""]","[""Renewal"",""Worth"",""Confidence""]",Confident renewal,Use when regret or comparison is preventing you from appreciating the opportunities available in your own life.,Clarity & Focus,Confidence,null,null
C-0243,Petalite,,3,243,null,Silicates,Petalite,Mineral,Crown,"[""Crown"",""Third Eye""]","[""Peace"",""Awareness"",""Calm""]",Quiet sensitivity,Use when you feel unusually sensitive to people or surroundings and need calm without shutting yourself down.,Spiritual Connection,null,null,null
C-0397,Phoenix Stone,2,3,397,Phoenix Rising Stone,Copper Mineral Composites,Chrysocolla-rich copper mineral material,Composite,Heart,"[""Heart"",""Throat""]","[""Renewal"",""Communication"",""Resilience""]",Rebuilding after change,Use when you are ready to move forward but do not want to deny what the experience cost you.,Transformation,Heart Healing,Emotional Regulation,null
C-0210,Phosphosiderite,,3,210,null,Phosphates,Phosphosiderite,Mineral,Third Eye,"[""Heart"",""Solar Plexus"",""Root""]","[""Acceptance"",""Peace"",""Calm""]",Self-acceptance,Use when you are exhausting yourself by arguing with how you feel instead of allowing the feeling to move through you.,Calm & Peace,Spiritual Connection,null,null
C-0192,Pietersite,2,3,192,null,Aggregate,Chalcedony; Crocidolite,Composite,Solar Plexus,"[""Solar Plexus"",""Third Eye""]","[""Courage"",""Insight"",""Transformation""]",Courage under pressure,Use when circumstances are changing quickly and you need to act without letting urgency erase your judgment.,Confidence,Transformation,null,null
C-0004,Pink Aragonite,,3,4,null,Aragonite,Aragonite,Mineral,Heart,"[""Heart"",""Root""]","[""Compassion"",""Love"",""Acceptance""]",Self-compassion,Use when you are being hard on yourself and need to respond to your feelings with patience rather than criticism.,Heart Healing,Self-Love,Emotional Balance,null
C-0334,Pink Halite,,3,334,Pink Rock Salt,Halite,Halite,Mineral,Heart,"[""Heart""]","[""Purification"",""Compassion"",""Release""]",Emotional release,Use when you are ready to loosen your grip on an old hurt but do not want to rush yourself into forgiveness or closure.,Self-Love,Protection,null,null
C-0055,Pink Tourmaline,2,3,55,Rubellite,Tourmaline,Elbaite,Mineral,Heart,"[""Heart""]","[""Love"",""Compassion"",""Boundaries""]",Safe openness,Use when you want to remain loving and receptive without taking responsibility for someone else's emotions or behavior.,Protection,Heart Healing,null,null
C-0085,Purple Chalcedony,,3,85,null,Quartz,Quartz,Mineral,Third Eye,"[""Third Eye"",""Crown""]","[""Intuition"",""Calm"",""Insight""]",Serene insight,Use when you sense something important beneath the surface but are struggling to understand or articulate it.,Spiritual Connection,Intuition,Calm & Peace,null
C-0212,Purpurite,,3,212,null,Phosphates,Purpurite,Mineral,Crown,"[""Crown"",""Third Eye""]","[""Freedom"",""Expression"",""Confidence""]",Authentic freedom,"Use when you feel confined by an identity, obligation, or expectation that no longer reflects who you are.",Clarity & Focus,Confidence,null,null
C-0336,Pyrope Garnet,,3,0,null,Garnet,Pyrope,Mineral,Root,"[""Root"",""Heart""]","[""Courage"",""Passion"",""Vitality""]",Bold momentum,"Use when you need to move through hesitation and act with confidence, energy, and clear personal conviction.",Confidence,Vitality,null,null
C-0368,Quantum Quattro,,3,0,Quantum Quattro Silica,Copper Minerals,Chrysocolla blend,Aggregate,Heart,"[""Heart"",""Throat"",""Third Eye""]","[""Healing"",""Integration"",""Communication""]",Layered healing,"Use when a problem has emotional, practical, and relational layers that cannot be addressed with one simple solution.",Emotional Balance,Communication,Heart Healing,null
C-0189,Que Sera Stone,,3,189,"Llanite, Galaxy Rhyolite",Aggregate,Quartz; Microcline; Biotite,Composite,Third Eye,"[""Crown"",""Root""]","[""Balance"",""Adaptability"",""Integration""]",Balanced adaptation,Use when several parts of your life are shifting at once and you need to remain flexible without losing your center.,Spiritual Connection,Grounding,null,null
C-0066,Ruby in Kyanite,2,3,66,null,Kyanite,Kyanite,Mineral,Heart,"[""Heart"",""Root"",""Throat""]","[""Courage"",""Truth"",""Alignment""]",Courageous truth,Use when you know what is true for you but need the courage to say it clearly and stand behind it.,Confidence,Vitality,null,null
C-0339,Rutile,,3,0,null,Oxides,Rutile,Mineral,Crown,"[""Solar Plexus"",""Crown""]","[""Clarity"",""Focus"",""Amplification""]",Direct clarity,"Use when unnecessary details are obscuring the decision, conversation, or task that actually needs your attention.",Amplification,Vitality,null,null
C-0039,Sapphire,2,3,39,null,Corundum,Corundum,Mineral,Third Eye,"[""Throat"",""Third Eye""]","[""Wisdom"",""Integrity"",""Discipline""]",Principled wisdom,Use when pressure is tempting you to compromise a value that matters to your long-term self-respect.,Intuition,Clarity & Focus,null,null
C-0340,Scapolite,,3,0,Wernerite,Silicates,Scapolite,Mineral,Solar Plexus,"[""Solar Plexus"",""Crown""]","[""Purpose"",""Discipline"",""Focus""]",Sustained purpose,Use when motivation is fading and you need to reconnect with why a long-term effort still matters.,Clarity & Focus,Confidence,null,null
C-0265,Seraphinite,2,3,265,null,Silicates,Clinochlore,Mineral,Heart,"[""Heart"",""Crown""]","[""Healing"",""Alignment"",""Compassion""]",Heart alignment,Use when you are ready to understand an emotional pattern with compassion rather than criticism or avoidance.,Heart Healing,Spiritual Connection,null,null
C-0199,Shaman Stone,,3,199,Moqui Marble,Oxides,Hematite; Goethite; Sandstone,Composite,Root,"[""Root"",""Earth Star""]","[""Balance"",""Grounding"",""Integration""]",Whole-person balance,Use when your practical obligations and inner needs feel divided and you need a way to honor both.,Protection,Grounding,Spiritual Connection,null
C-0130,Shattuckite,,3,130,null,Copper Minerals,Shattuckite,Mineral,Throat,"[""Throat"",""Third Eye""]","[""Communication"",""Intuition"",""Truth""]",Intuitive communication,Use when you understand something internally but need help translating it into language another person can receive.,Communication,Spiritual Connection,Intuition,null
C-0217,Smithsonite,,3,217,null,Carbonates,Smithsonite,Mineral,Heart,"[""Heart"",""Throat""]","[""Calm"",""Stability"",""Compassion""]",Emotional gentleness,Use when you feel emotionally raw and need support that soothes rather than pushes you toward immediate resolution.,Grounding,Calm & Peace,null,null
C-0128,Smoky Citrine,,3,128,null,Quartz,Quartz,Mineral,Solar Plexus,"[""Root"",""Solar Plexus""]","[""Abundance"",""Grounding"",""Confidence""]",Grounded ambition,"Use when you want to move toward an opportunity while remaining realistic about the effort, timing, and risks involved.",Grounding,Joy,null,null
C-0166,Spectrolite,,3,166,null,Silicates,Labradorite,Mineral,Third Eye,"[""Third Eye"",""Crown""]","[""Transformation"",""Intuition"",""Protection""]",Transformational vision,Use when a major change has disrupted your sense of direction and you need to notice what new possibilities are emerging.,Protection,Intuition,null,null
C-0131,Spessartine Garnet,,3,131,Spessartite; Orange Garnet,Garnet,Spessartine,Mineral,Sacral,"[""Sacral"",""Solar Plexus""]","[""Creativity"",""Confidence"",""Joy""]",Creative confidence,"Use when you want to share an idea, talent, or desire without shrinking yourself to avoid attention.",Confidence,Vitality,null,null
C-0342,Sphalerite,,3,342,Zinc Blende,Sulfides,Sphalerite,Mineral,Root,"[""Root"",""Solar Plexus""]","[""Integration"",""Confidence"",""Vitality""]",Shadow integration,"Use when envy, anger, fear, or insecurity is surfacing and you want to understand its message rather than suppress it.",Vitality,Grounding,null,null
C-0344,Spinel,,3,0,null,Oxides,Spinel,Mineral,Root,"[""Root"",""Heart"",""Crown""]","[""Resilience"",""Renewal"",""Strength""]",Resilient renewal,Use when a setback has shaken your confidence and you need to rebuild strength without pretending the experience did not affect you.,Vitality,Transformation,null,null
C-0005,Star Aragonite,,3,5,Sputnik Aragonite,Aragonite,Aragonite,Mineral,Root,"[""Root""]","[""Grounding"",""Stability"",""Focus""]",Centered stability,Use when too many demands are pulling at your attention and you need to regain a clear sense of priority.,Grounding,null,null,null
C-0100,Star Jasper,,3,100,null,Quartz,Quartz,Mineral,Root,"[""Root"",""Crown""]","[""Hope"",""Grounding"",""Trust""]",Steady hope,Use when the path ahead is unclear and you need enough confidence to continue without seeing the entire outcome.,Grounding,Spiritual Connection,null,null
C-0219,Staurolite,,3,219,null,Other Mineral,Staurolite,Mineral,Root,"[""Root"",""Heart""]","[""Protection"",""Endurance"",""Integrity""]",Faithful perseverance,Use when hardship is challenging your confidence and you need strength rooted in meaning rather than sheer force.,Protection,Grounding,null,null
C-0223,Stichtite,,3,223,null,Carbonates,Stichtite,Mineral,Heart,"[""Heart"",""Third Eye"",""Crown""]","[""Compassion"",""Forgiveness"",""Boundaries""]",Compassionate boundaries,Use when you want to release resentment while still honoring the limits that protect your well-being.,Heart Healing,Spiritual Connection,null,null
C-0110,Strawberry Quartz,,3,110,null,Quartz,Quartz,Mineral,Heart,"[""Heart"",""Sacral""]","[""Joy"",""Appreciation"",""Love""]",Everyday joy,"Use when life feels emotionally flat and you need to notice what is still warm, pleasurable, or worth appreciating.",Heart Healing,Joy,Amplification,null
C-0202,Stromatolite,,3,202,null,Fossil Material,Stromatolite,Fossil,Root,"[""Root""]","[""Patience"",""Grounding"",""Wisdom""]",Long-term perspective,Use when slow progress is making you doubt whether your efforts are creating anything meaningful.,Grounding,Vitality,Spiritual Connection,null
C-0225,Sulfur,,3,225,null,Other Mineral,Sulfur,Mineral,Solar Plexus,"[""Solar Plexus""]","[""Purification"",""Vitality"",""Expression""]",Energized expression,"Use when you feel dull, inhibited, or creatively blocked and need permission to bring more energy into your expression.",Confidence,Protection,Vitality,null
C-0369,Tanzan Aura Quartz,,3,0,Tanzine Aura Quartz; Indigo Aura Quartz,Quartz,Quartz,Mineral,Crown,"[""Third Eye"",""Crown""]","[""Intuition"",""Spirit"",""Insight""]",Expanded perspective,Use when you are overly focused on one immediate problem and need to reconnect with a broader sense of meaning or possibility.,Intuition,Spiritual Connection,null,null
C-0266,Tektite,,3,266,null,Meteoritic Material,Tektite,Meteoritic,Crown,"[""Root"",""Crown""]","[""Transformation"",""Freedom"",""Insight""]",Accelerated change,Use when you are ready for significant change but need to distinguish genuine readiness from impatience or escape.,Protection,Transformation,null,null
C-0267,Thulite,,3,267,null,Silicates,Zoisite,Mineral,Heart,"[""Heart"",""Sacral""]","[""Compassion"",""Confidence"",""Joy""]",Confident compassion,Use when you want to be kind and supportive without making yourself smaller or ignoring your own needs.,Joy,Confidence,null,null
C-0350,Tibetan Quartz,,3,350,null,Quartz,Quartz,Mineral,Crown,"[""Crown"",""Root"",""All""]","[""Protection"",""Spirit"",""Clarity""]",Protected awareness,"Use when you are doing intuitive or spiritual work and want to stay grounded, discerning, and connected to your own boundaries.",Protection,Spiritual Connection,Clarity & Focus,null
C-0227,Topaz,,3,227,null,Silicates,Topaz,Mineral,Solar Plexus,"[""Solar Plexus"",""Crown""]","[""Focus"",""Confidence"",""Purpose""]",Focused intention,Use when you have several ambitions competing for attention and need to choose where your energy will have the greatest impact.,Protection,Clarity & Focus,null,null
C-0268,Trolleite,,3,268,null,Phosphates,Trolleite,Mineral,Third Eye,"[""Throat"",""Third Eye"",""Crown""]","[""Calm"",""Insight"",""Clarity""]",Deep mental calm,Use when repetitive thinking is crowding out your ability to see the situation from a wider perspective.,Calm & Peace,Clarity & Focus,null,null
C-0080,Turritella Agate,,3,80,null,Quartz,Quartz,Mineral,Root,"[""Root""]","[""Grounding"",""Wisdom"",""Reflection""]",Ancestral perspective,Use when a family pattern or inherited belief is influencing your choices and you want to decide what should continue.,Grounding,Spiritual Connection,null,null
C-0354,Ulexite,,3,354,TV Stone,Borates,Ulexite,Mineral,Third Eye,"[""Third Eye"",""Crown""]","[""Insight"",""Clarity"",""Intuition""]",Hidden insight,Use when a situation appears simple but you suspect important information is being overlooked or obscured.,Clarity & Focus,Intuition,null,null
C-0401,Unicorn Stone,2,3,0,Unicorn Jasper; Unicorn Crystal,null,null,null,Heart,"[""Heart"",""Third Eye"",""Root""]","[""Comfort"",""Love"",""Resilience""]",Comfort during emotional recovery,Use when you need softness and reassurance but also want to remain present for the next step.,Heart Healing,Emotional Regulation,Grounding,null
C-0229,Vanadinite,,3,229,null,Phosphates,Vanadinite,Mineral,Sacral,"[""Root"",""Sacral""]","[""Motivation"",""Focus"",""Endurance""]",Focused ambition,"Use when an important goal requires more discipline, stamina, and direct effort than you have recently been giving it.",Clarity & Focus,Vitality,null,null
C-0356,Variscite,,3,356,null,Phosphates,Variscite,Mineral,Heart,"[""Heart"",""Throat""]","[""Calm"",""Renewal"",""Acceptance""]",Quiet renewal,"Use when stress has made you feel disconnected from your usual patience, values, or sense of inner balance.",Calm & Peace,Heart Healing,null,null
C-0357,Vera Cruz Amethyst,,3,357,null,Quartz,Quartz,Mineral,Crown,"[""Crown"",""Third Eye""]","[""Attunement"",""Clarity"",""Meditation""]",Quiet attunement,"Use when your mind feels too busy to hear your own intuition and you need a softer, quieter form of clarity.",Spiritual Connection,Clarity & Focus,null,null
C-0230,Vesuvianite,,3,230,Idocrase,Silicates,Vesuvianite,Mineral,Heart,"[""All""]","[""Growth"",""Confidence"",""Courage""]",Confident development,Use when you are capable of more but hesitation is keeping you in observation mode instead of active involvement.,Heart Healing,Confidence,null,null
C-0358,White Heulandite,,3,0,null,Silicates,Heulandite,Mineral,Crown,"[""Crown"",""Third Eye""]","[""Clarity"",""Openness"",""Spirit""]",Quiet clarity,Use when mental clutter is making it difficult to receive insight or recognize what already feels quietly true.,Spiritual Connection,Clarity & Focus,null,null
C-0067,White Kyanite,,3,67,null,Kyanite,Kyanite,Mineral,Crown,"[""Crown"",""All""]","[""Purification"",""Alignment"",""Spirit""]",Spiritual clarity,"Use when you want to reconnect with your spiritual practice after feeling distracted, disconnected, or mentally crowded.",Joy,Spiritual Connection,null,null
C-0359,White Opal,,3,359,null,Opal,Opal,Mineraloid,Crown,"[""Crown"",""Third Eye"",""Sacral""]","[""Peace"",""Intuition"",""Openness""]",Quiet receptivity,Use when you need comfort and clarity but do not have the energy for intense processing or problem-solving.,Intuition,Emotional Balance,null,null
C-0360,White Topaz,,3,0,null,Silicates,Topaz,Mineral,Crown,"[""Crown"",""Third Eye""]","[""Clarity"",""Truth"",""Focus""]",Precise clarity,Use when a decision requires you to separate what you genuinely want from what merely looks impressive or expected.,Clarity & Focus,Spiritual Connection,null,null
C-0046,Yellow Apatite,,3,46,null,Apatite,Apatite,Mineral,Solar Plexus,"[""Solar Plexus"",""Sacral""]","[""Focus"",""Confidence"",""Purpose""]",Focused confidence,Use when you are interested in too many directions and need to choose one subject or goal to pursue more deeply.,Protection,Confidence,null,null
C-0362,Zincite,,3,0,null,Oxides,Zincite,Mineral,Sacral,"[""Sacral"",""Root""]","[""Transformation"",""Motivation"",""Vitality""]",Constructive change,Use when frustration is creating strong momentum and you want to direct it toward improvement rather than impulsive reaction.,Vitality,Confidence,null,null
C-0233,Zircon,,3,233,null,Silicates,Zircon,Mineral,Root,"[""Root"",""Crown""]","[""Wisdom"",""Integrity"",""Grounding""]",Enduring wisdom,Use when change is challenging your identity and you need to remember which qualities remain essential to who you are.,Clarity & Focus,Grounding,Spiritual Connection,null
C-0269,Adamite,,4,0,null,Phosphates,Adamite,Mineral,Solar Plexus,"[""Heart"",""Solar Plexus""]","[""Joy"",""Creativity"",""Motivation""]",Rekindling enthusiasm,Use when you… feel emotionally flat and need to reconnect with something that genuinely excites or inspires you.,Joy,Manifestation,null,null
C-0271,Ajoite,,4,0,null,Silicates,Ajoite,Mineral,Heart,"[""Heart"",""Throat"",""Crown""]","[""Compassion"",""Healing"",""Peace""]",Softening emotional pain,Use when you… are carrying old hurt and want to meet it with tenderness rather than resistance.,Heart Healing,Calm & Peace,null,null
C-0273,Amblygonite,,4,0,null,Phosphates,Amblygonite,Mineral,Solar Plexus,"[""Solar Plexus"",""Third Eye""]","[""Calm"",""Release"",""Acceptance""]",Reducing self-imposed pressure,Use when you… are demanding perfection from yourself and turning a manageable task into an emotional burden.,Calm & Peace,Emotional Balance,null,null
C-0275,Andradite Garnet,,4,0,Demantoid Garnet,Garnet,Andradite,Mineral,Root,"[""Heart"",""Root""]","[""Strength"",""Confidence"",""Motivation""]",Purposeful forward movement,"Use when you… know what needs to be done but feel hesitant, scattered, or slow to begin.",Vitality,Manifestation,null,null
C-0281,Black Opal,,4,0,null,Opal,Opal,Mineraloid,Third Eye,"[""Root"",""Crown""]","[""Intuition"",""Insight"",""Transformation""]",Exploring hidden emotions,Use when you… sense that an emotional reaction has deeper layers you have not yet understood.,Intuition,Transformation,null,null
C-0282,Blue Halite,,4,0,Blue Rock Salt,Halite,Halite,Mineral,Throat,"[""Throat"",""Third Eye""]","[""Calm"",""Communication"",""Clarity""]",Mental calm,Use when your thoughts feel crowded and you need to organize what you want to say before speaking.,Calm & Peace,Protection,null,null
C-0284,Brandberg Amethyst,,4,0,Brandenberg Amethyst,Quartz,Quartz,Mineral,Crown,"[""Crown"",""Third Eye"",""All""]","[""Spirit"",""Clarity"",""Meditation""]",Clear awareness,"Use when you want to deepen meditation or reflection while remaining calm, present, and connected to everyday life.",Spiritual Connection,Transformation,null,null
C-0286,Brookite,,4,0,null,Oxides,Brookite,Mineral,Crown,"[""Crown"",""Third Eye""]","[""Breakthrough"",""Awareness"",""Motivation""]",Breaking through stagnation,Use when you… have outgrown an old pattern but have not yet committed to a new direction.,Spiritual Connection,Clarity & Focus,null,null
C-0288,Bustamite,,4,0,null,Silicates,Bustamite,Mineral,Heart,"[""Heart""]","[""Healing"",""Renewal"",""Confidence""]",Rebuilding after disappointment,Use when you… are ready to move forward after a setback but still feel emotionally bruised by what happened.,Heart Healing,Self-Love,null,null
C-0294,Chrysoberyl,,4,0,null,Oxides,Chrysoberyl,Mineral,Solar Plexus,"[""Solar Plexus"",""Crown""]","[""Discipline"",""Discernment"",""Confidence""]",Focused self-mastery,Use when you… need to stay committed to a demanding goal despite distractions or slow progress.,Clarity & Focus,Confidence,null,null
C-0296,Creedite,,4,0,null,Sulfates,Creedite,Mineral,Crown,"[""Crown"",""Third Eye""]","[""Spirit"",""Purpose"",""Clarity""]",Clarifying higher purpose,Use when you… feel called toward something meaningful but cannot distinguish the true priority from surrounding noise.,Spiritual Connection,Clarity & Focus,null,null
C-0367,Enhydro Quartz,,4,0,Enhydro Crystal; Water Bubble Quartz,Quartz,Quartz,Mineral,Crown,"[""Sacral"",""Heart""]","[""Patience"",""Wisdom"",""Reflection""]",Honoring long processes,Use when you… are frustrated by slow progress and need perspective on how much has already changed beneath the surface.,Emotional Balance,Intuition,null,null
C-0310,Gaspeite,,4,0,null,Carbonates,Gaspeite,Mineral,Heart,"[""Heart"",""Solar Plexus""]","[""Boundaries"",""Renewal"",""Grounding""]",Resetting personal boundaries,Use when you… have said yes too often and need to reconsider what you can realistically continue carrying.,Heart Healing,Vitality,null,null
C-0321,Imperial Topaz,,4,0,null,Silicates,Topaz,Mineral,Solar Plexus,"[""Solar Plexus"",""Crown""]","[""Confidence"",""Creativity"",""Purpose""]",Owning your talents,Use when you… are ready to stop minimizing your abilities and invest energy in work that genuinely matters to you.,Confidence,Manifestation,null,null
C-0330,Papagoite,,4,0,null,Silicates,Papagoite,Mineral,Throat,"[""Throat"",""Third Eye"",""Crown""]","[""Truth"",""Communication"",""Compassion""]",Heartfelt truth-telling,Use when you… need to say something emotionally important without abandoning either honesty or kindness.,Calm & Peace,Spiritual Connection,null,null
C-0332,Phenakite,,4,0,Phenacite,Silicates,Phenakite,Mineral,Crown,"[""Crown"",""Third Eye""]","[""Awareness"",""Clarity"",""Attunement""]",Focused higher awareness,Use when you… need to examine a subtle issue without becoming distracted by secondary concerns.,Spiritual Connection,Amplification,null,null
C-0343,Sphene,,4,0,Titanite,Silicates,Titanite,Mineral,Third Eye,"[""Solar Plexus"",""Third Eye""]","[""Creativity"",""Clarity"",""Growth""]",Unlocking fresh ideas,Use when you… are working through a complicated problem and need a more imaginative way to connect the available information.,Clarity & Focus,Manifestation,null,null
C-0345,Stibnite,,4,0,null,Sulfides,Stibnite,Mineral,Third Eye,"[""Third Eye"",""Root""]","[""Transformation"",""Discipline"",""Focus""]",Directing intense ambition,Use when you… feel strongly driven toward a goal but need structure to prevent urgency from becoming recklessness.,Transformation,Protection,null,null
C-0355,Uvarovite,,4,0,null,Garnet,Uvarovite,Mineral,Heart,"[""Heart""]","[""Abundance"",""Appreciation"",""Growth""]",Gratitude and growth,Use when you… are so focused on what is missing that you have lost sight of what is already supporting you.,Heart Healing,Self-Love,null,null
C-0011,Cobaltoan Calcite,,4,11,null,Calcite,Calcite,Mineral,Heart,"[""Heart""]","[""Love"",""Acceptance"",""Compassion""]",Receiving love safely,"Use when you… find it easier to care for others than to receive support, affection, or reassurance yourself.",Heart Healing,Self-Love,null,null
C-0023,Heliodor,,4,23,"Golden Beryl, Yellow Beryl",Beryl,Beryl,Mineral,Solar Plexus,"[""Solar Plexus"",""Crown""]","[""Confidence"",""Clarity"",""Purpose""]","Visible, confident leadership","Use when you… must take the lead, present an idea, or let your abilities be seen without shrinking back.",Protection,Clarity & Focus,null,null
C-0049,Healerite,,4,49,null,Serpentine,Antigorite,Mineral,Heart,"[""Heart"",""Solar Plexus""]","[""Healing"",""Calm"",""Renewal""]",Gentle emotional renewal,"Use when you… feel depleted by prolonged stress and need a quieter, less demanding way to reconnect with yourself.",Heart Healing,Calm & Peace,null,null
C-0056,Watermelon Tourmaline,,4,56,null,Tourmaline,Elbaite,Mineral,Heart,"[""Heart"",""Root""]","[""Love"",""Balance"",""Harmony""]",Balanced emotional openness,Use when you… want connection but find yourself alternating between overgiving and pulling away.,Heart Healing,Joy,null,null
C-0058,Blue Tourmaline,,4,58,Indicolite,Tourmaline,Elbaite,Mineral,Throat,"[""Throat"",""Third Eye""]","[""Communication"",""Intuition"",""Calm""]","Calm, honest expression",Use when you… need to communicate something sensitive without becoming defensive or emotionally flooded.,Communication,Intuition,null,null
C-0062,Jadeite,,4,62,Jade,Silicates,Jadeite,Mineral,Heart,"[""Heart""]","[""Harmony"",""Wisdom"",""Abundance""]",Values-based decisions,Use when you… are weighing an opportunity and want to choose what supports lasting well-being rather than immediate gratification.,Intuition,Protection,null,null
C-0135,Covellite,,4,135,null,Sulfides,Covellite,Mineral,Third Eye,"[""Third Eye"",""Crown""]","[""Intuition"",""Insight"",""Transformation""]",Recognizing hidden patterns,Use when you… keep repeating the same reaction and suspect an unexamined fear or belief is driving it.,Protection,Intuition,null,null
C-0144,Alexandrite,,4,144,null,Oxides,Chrysoberyl,Mineral,Heart,"[""Heart"",""Crown""]","[""Adaptability"",""Renewal"",""Balance""]",Navigating major change,Use when you… are adjusting to a new chapter and need help holding both uncertainty and possibility at once.,Grounding,Communication,null,null
C-0146,Ammolite,,4,146,null,Fossil Material,Ammolite,Fossil,Solar Plexus,"[""Root"",""Sacral"",""Solar Plexus""]","[""Transformation"",""Vitality"",""Abundance""]",Growing through change,Use when you… are entering unfamiliar territory and want to approach the transition with curiosity rather than apprehension.,Protection,Vitality,null,null
C-0184,Boji Stones,,4,184,null,Sulfides,Pyrite; Marcasite,Composite,Root,"[""Root"",""Sacral""]","[""Balance"",""Grounding"",""Integration""]",Restoring equilibrium,Use when you… feel pulled between competing needs and want to regain a centered position before deciding what comes next.,Emotional Balance,Vitality,null,null
C-0191,Nuumite,,4,191,null,Aggregate,Anthophyllite; Gedrite,Composite,Root,"[""Third Eye"",""Solar Plexus"",""Root""]","[""Sovereignty"",""Protection"",""Insight""]",Reclaiming personal power,"Use when you… notice that fear, shame, or another person’s expectations are influencing a decision that should be yours.",Transformation,Confidence,Grounding,null
C-0193,Prophecy Stone,,4,193,null,Oxides,Hematite; Goethite; Marcasite,Composite,Third Eye,"[""Root"",""Third Eye""]","[""Insight"",""Endurance"",""Wisdom""]",Long-range perspective,Use when you… are making a decision whose effects may unfold slowly and need to think beyond immediate comfort or reward.,Intuition,Grounding,Calm & Peace,null
C-0215,Scheelite,,4,215,null,Other Mineral,Scheelite,Mineral,Solar Plexus,"[""Sacral"",""Solar Plexus""]","[""Clarity"",""Purpose"",""Insight""]",Finding a clear direction,Use when you… have several possible paths in front of you and need to identify which one best supports your deeper priorities.,Clarity & Focus,Vitality,null,null
C-0220,Cavansite,,4,220,null,Silicates,Cavansite,Mineral,Third Eye,"[""Throat"",""Third Eye""]","[""Intuition"",""Trust"",""Spirit""]",Trusting inner guidance,Use when you… are receiving a strong inner nudge but keep questioning whether you should follow it.,Clarity & Focus,Communication,null,null
C-0224,Sugilite,,4,224,null,Silicates,Sugilite,Mineral,Crown,"[""Third Eye"",""Crown""]","[""Protection"",""Compassion"",""Integrity""]",Protecting emotional integrity,Use when you… are supporting someone through a painful situation and need to remain caring without absorbing the entire emotional burden.,Protection,Spiritual Connection,null,null
C-0226,Tanzanite,,4,226,null,Silicates,Zoisite,Mineral,Third Eye,"[""Throat"",""Third Eye"",""Crown""]","[""Insight"",""Transformation"",""Communication""]",Integrating insight,Use when you… have had an important realization but are struggling to understand or communicate what it means.,Clarity & Focus,Transformation,null,null
C-0231,Vivianite,,4,231,null,Phosphates,Vivianite,Mineral,Heart,"[""Heart""]","[""Healing"",""Reflection"",""Renewal""]",Processing deep emotions,Use when you… are ready to face a difficult feeling that has remained unresolved beneath the surface.,Heart Healing,null,null,null
C-0232,Wulfenite,,4,232,null,Other Mineral,Wulfenite,Mineral,Sacral,"[""Sacral"",""Solar Plexus""]","[""Creativity"",""Motivation"",""Expression""]",Turning inspiration into action,Use when you… feel excited by a creative idea but keep postponing the first tangible step.,Joy,Clarity & Focus,null,null
C-0235,Diaspore,,4,235,null,Oxides,Diaspore,Mineral,Third Eye,"[""Solar Plexus"",""Crown""]","[""Adaptability"",""Transformation"",""Insight""]",Allowing gradual change,Use when you… are judging a transition too early and need to let the full picture develop before reaching a conclusion.,Clarity & Focus,Transformation,null,null
C-0242,Lazulite,,4,242,null,Phosphates,Lazulite,Mineral,Third Eye,"[""Third Eye"",""Crown""]","[""Focus"",""Integrity"",""Discernment""]",Standing by your judgment,Use when you… have made a thoughtful decision but are becoming unsettled by other people’s conflicting opinions.,Clarity & Focus,Communication,null,null
C-0255,Libyan Desert Glass,,4,255,Libyan Gold Tektite,Meteoritic Material,Libyan Desert Glass,Meteoritic,Solar Plexus,"[""Solar Plexus"",""Crown""]","[""Resilience"",""Confidence"",""Transformation""]",Reclaiming confidence,Use when you… are rebuilding after an unexpected disruption and need to remember that change has not erased your capabilities.,Protection,Confidence,null,null
C-0257,Meteorite,,4,257,null,Meteoritic Material,Meteorite,Meteoritic,Crown,"[""Root"",""Crown""]","[""Awareness"",""Purpose"",""Transformation""]",Seeing the larger picture,Use when you… are consumed by an immediate problem and need enough distance to recognize its true scale and importance.,Transformation,Spiritual Connection,null,null
C-0259,Moldavite,,4,259,null,Meteoritic Material,Moldavite,Meteoritic,Heart,"[""Heart"",""Third Eye"",""Crown""]","[""Transformation"",""Freedom"",""Breakthrough""]",Breaking entrenched patterns,Use when you… know an old identity or pattern has become too restrictive and are prepared to make a meaningful change.,Transformation,Spiritual Connection,null,null
C-0261,Natrolite,,4,261,null,Silicates,Natrolite,Mineral,Crown,"[""Crown"",""Third Eye""]","[""Calm"",""Alignment"",""Spirit""]",Quiet spiritual focus,Use when you… want to meditate but your thoughts keep pulling your attention in several directions.,Joy,Clarity & Focus,null,null
C-0278,Axinite,,4,278,null,Silicates,Axinite,Mineral,Root,"[""Root"",""Third Eye""]","[""Adaptability"",""Resilience"",""Stability""]",Adjusting under pressure,Use when you… must respond to changing circumstances without becoming reactive or abandoning your priorities.,Grounding,Clarity & Focus,null,null
C-0298,Cuprite,,4,298,null,Oxides,Cuprite,Mineral,Root,"[""Root"",""Sacral""]","[""Embodiment"",""Vitality"",""Grounding""]",Returning to the body,Use when you… feel mentally or spiritually scattered and need to return your attention to immediate physical reality.,Vitality,Grounding,null,null
C-0335,Pyromorphite,,4,335,null,Phosphates,Pyromorphite,Mineral,Solar Plexus,"[""Solar Plexus"",""Root""]","[""Focus"",""Perseverance"",""Purpose""]",Finishing demanding goals,Use when you… are tempted to abandon a difficult project during its least exciting or most repetitive stage.,Manifestation,null,null,null
C-0352,Tremolite,,4,352,null,Silicates,Tremolite,Mineral,Heart,"[""Crown"",""Heart""]","[""Recovery"",""Calm"",""Resilience""]",Recovering steady energy,Use when you… are emerging from a demanding period and need to rebuild your rhythm gradually rather than rushing back to full capacity.,Calm & Peace,Spiritual Connection,null,null
C-0402,Aegirine,NEW ADDITION,3,0,null,Silicates,Aegirine,Mineral,null,null,null,null,null,null,null,null,null
C-0403,Tiffany Stone,NEW ADDITION,3,0,Bertrandite; Opalized Fluorite,Composite,Mixed mineral rock,Composite,null,null,null,null,null,null,null,null,null
C-0404,Goshenite,NEW ADDITION,4,0,Colorless Beryl,Beryl,Beryl,Mineral,null,null,null,null,null,null,null,null,null
